-- phpMyAdmin SQL Dump
-- version 5.2.1
-- https://www.phpmyadmin.net/
--
-- Servidor: db
-- Tiempo de generación: 05-02-2025 a las 23:29:45
-- Versión del servidor: 8.1.0
-- Versión de PHP: 8.2.8

SET SQL_MODE = "NO_AUTO_VALUE_ON_ZERO";
START TRANSACTION;
SET time_zone = "+00:00";


/*!40101 SET @OLD_CHARACTER_SET_CLIENT=@@CHARACTER_SET_CLIENT */;
/*!40101 SET @OLD_CHARACTER_SET_RESULTS=@@CHARACTER_SET_RESULTS */;
/*!40101 SET @OLD_COLLATION_CONNECTION=@@COLLATION_CONNECTION */;
/*!40101 SET NAMES utf8mb4 */;

--
-- Base de datos: `AtencionSocioSanitaria`
--

-- --------------------------------------------------------

--
-- Estructura de tabla para la tabla `Baja`
--

CREATE TABLE `Baja` (
  `id` int NOT NULL,
  `causa` varchar(255) NOT NULL,
  `fecha` date NOT NULL,
  `id_usuario` int NOT NULL
) ENGINE=InnoDB DEFAULT CHARSET=utf8mb4 COLLATE=utf8mb4_0900_ai_ci;

-- --------------------------------------------------------

--
-- Estructura de tabla para la tabla `Cuidadores`
--

CREATE TABLE `Cuidadores` (
  `id_usuario` int NOT NULL,
  `id_usuarioCuidador` int NOT NULL
) ENGINE=InnoDB DEFAULT CHARSET=utf8mb4 COLLATE=utf8mb4_0900_ai_ci;

--
-- Volcado de datos para la tabla `Cuidadores`
--

INSERT INTO `Cuidadores` (`id_usuario`, `id_usuarioCuidador`) VALUES
(2, 1),
(8, 1),
(9, 1),
(1, 2),
(1050, 5),
(1, 1050);

-- --------------------------------------------------------

--
-- Estructura de tabla para la tabla `Empleado`
--

CREATE TABLE `Empleado` (
  `username` varchar(255) NOT NULL,
  `password` varchar(255) NOT NULL,
  `nombre` varchar(255) NOT NULL,
  `apellido` varchar(255) NOT NULL,
  `email` varchar(255) DEFAULT NULL,
  `roles` enum('USER','ADMINUSER','ADMIN') CHARACTER SET utf8mb4 COLLATE utf8mb4_0900_ai_ci NOT NULL
) ENGINE=InnoDB DEFAULT CHARSET=utf8mb4 COLLATE=utf8mb4_0900_ai_ci;

--
-- Volcado de datos para la tabla `Empleado`
--

INSERT INTO `Empleado` (`username`, `password`, `nombre`, `apellido`, `email`, `roles`) VALUES
('rafnavgom', '$2a$10$IKbd0zwNDgdx/W5JBv.x8uLodRgAbOt3Hc0vcs.LDPdLwqudL2fxO', 'Rafael', 'Navarro', 'rafnavgom@telejaca.com', 'USER'),
('TheAdmin', '$2a$10$orEWQx7qwBsk0J3u/3OrBOl1mK3iYJM2fUMqSi8TPWwyORRp.KPwi', 'Administrador', 'Del Sistema', 'adminProazo@gmail.com', 'ADMIN');

-- --------------------------------------------------------

--
-- Estructura de tabla para la tabla `Llamada`
--

CREATE TABLE `Llamada` (
  `id_llamada` int NOT NULL,
  `id_usuario` int NOT NULL,
  `id_username` varchar(255) NOT NULL,
  `fecha` date NOT NULL,
  `orden` int NOT NULL,
  `descripcion` text
) ENGINE=InnoDB DEFAULT CHARSET=utf8mb4 COLLATE=utf8mb4_0900_ai_ci;

--
-- Volcado de datos para la tabla `Llamada`
--

INSERT INTO `Llamada` (`id_llamada`, `id_usuario`, `id_username`, `fecha`, `orden`, `descripcion`) VALUES
(1, 1, 'rafnavgom', '2025-01-13', 1, 'El usuario no recordaba la periodicidad que debía seguir para su tratamiento');

-- --------------------------------------------------------

--
-- Estructura de tabla para la tabla `Localidad`
--

CREATE TABLE `Localidad` (
  `id` int NOT NULL,
  `localidad` varchar(255) NOT NULL
) ENGINE=InnoDB DEFAULT CHARSET=utf8mb4 COLLATE=utf8mb4_0900_ai_ci;

--
-- Volcado de datos para la tabla `Localidad`
--

INSERT INTO `Localidad` (`id`, `localidad`) VALUES
(1, 'Madrid'),
(2, 'Barcelona'),
(3, 'Valencia'),
(4, 'Brenes'),
(5, 'Cantillana');

-- --------------------------------------------------------

--
-- Estructura de tabla para la tabla `Medicamento`
--

CREATE TABLE `Medicamento` (
  `id` int NOT NULL,
  `descripcion` varchar(255) NOT NULL,
  `id_usuario` int NOT NULL
) ENGINE=InnoDB DEFAULT CHARSET=utf8mb4 COLLATE=utf8mb4_0900_ai_ci;

--
-- Volcado de datos para la tabla `Medicamento`
--

INSERT INTO `Medicamento` (`id`, `descripcion`, `id_usuario`) VALUES
(1, 'Paracetamol 500mg', 1),
(2, 'Ibuprofeno 200mg', 2),
(3, 'Amoxicilina 875mg', 3);

-- --------------------------------------------------------

--
-- Estructura de tabla para la tabla `Telefono`
--

CREATE TABLE `Telefono` (
  `id` int NOT NULL,
  `telefono` varchar(50) NOT NULL,
  `descripcion` varchar(255) DEFAULT NULL,
  `id_usuario` int NOT NULL
) ENGINE=InnoDB DEFAULT CHARSET=utf8mb4 COLLATE=utf8mb4_0900_ai_ci;

--
-- Volcado de datos para la tabla `Telefono`
--

INSERT INTO `Telefono` (`id`, `telefono`, `descripcion`, `id_usuario`) VALUES
(1, '+34 600123456', 'Móvil personal', 1),
(2, '+34 911234567', 'Teléfono fijo', 2),
(3, '+34 699987654', 'Trabajo', 3),
(4, '999999999', 'No me la sé', 1049),
(5, '675124409', 'jojoijoi', 1050);

-- --------------------------------------------------------

--
-- Estructura de tabla para la tabla `Tipos_Llamada`
--

CREATE TABLE `Tipos_Llamada` (
  `id` int NOT NULL,
  `descripcion` varchar(255) NOT NULL
) ENGINE=InnoDB DEFAULT CHARSET=utf8mb4 COLLATE=utf8mb4_0900_ai_ci;

--
-- Volcado de datos para la tabla `Tipos_Llamada`
--

INSERT INTO `Tipos_Llamada` (`id`, `descripcion`) VALUES
(1, 'Consulta médica mensual'),
(2, 'Solicitud de receta'),
(3, 'Información general');

-- --------------------------------------------------------

--
-- Estructura de tabla para la tabla `Usuario`
--

CREATE TABLE `Usuario` (
  `id` int NOT NULL,
  `nombre` varchar(255) NOT NULL,
  `apellido` varchar(255) NOT NULL,
  `fecha_nacimiento` date NOT NULL,
  `genero` varchar(50) DEFAULT NULL,
  `direccion` varchar(255) DEFAULT NULL,
  `datos_importantes` text,
  `unidad_de_convivencia` varchar(255) DEFAULT NULL,
  `id_localizacion` int DEFAULT NULL
) ENGINE=InnoDB DEFAULT CHARSET=utf8mb4 COLLATE=utf8mb4_0900_ai_ci;

--
-- Volcado de datos para la tabla `Usuario`
--

INSERT INTO `Usuario` (`id`, `nombre`, `apellido`, `fecha_nacimiento`, `genero`, `direccion`, `datos_importantes`, `unidad_de_convivencia`, `id_localizacion`) VALUES
(1, 'Juan', 'Paguillo', '1990-05-15', 'Masculino', 'Calle Falsa 123', 'Alergia al polen', 'Familia', 2),
(2, 'María', 'Gómez', '1985-11-22', 'Femenino', 'Av. Siempre Viva 456', 'Diabetes', 'Pareja', 2),
(3, 'Carlos', 'López', '2000-01-10', 'Masculino', 'Calle 789', NULL, 'Solo', 2),
(4, 'Christyna', 'Freire', '1974-08-07', 'Female', '4 Nancy Parkway', NULL, NULL, 3),
(5, 'Myriam', 'Gay', '1981-02-12', 'Female', '11 Mosinee Court', NULL, NULL, 2),
(6, 'Otis', 'Reach', '1976-08-07', 'Male', '09 Heffernan Terrace', NULL, NULL, 3),
(7, 'Horten', 'Geffcock', '1979-12-01', 'Male', '0724 Cody Way', NULL, NULL, 2),
(8, 'Mattie', 'Lincoln', '1993-03-04', 'Male', '42 Fair Oaks Way', NULL, NULL, 1),
(9, 'Adrian', 'Keys', '1998-07-13', 'Male', '051 Southridge Pass', NULL, NULL, 3),
(10, 'Lauralee', 'Ailward', '1994-08-20', 'Female', '158 Pine View Trail', NULL, NULL, 2),
(11, 'Lannie', 'Stitcher', '1980-05-16', 'Male', '4 Garrison Park', NULL, NULL, 1),
(12, 'Myrna', 'Mayers', '1977-08-05', 'Female', '83396 Jenifer Drive', NULL, NULL, 1),
(13, 'Kelley', 'Placidi', '1996-10-26', 'Male', '9 Hagan Point', NULL, NULL, 3),
(14, 'Glendon', 'Bottrill', '1994-12-15', 'Male', '004 Wayridge Road', NULL, NULL, 1),
(15, 'Ferris', 'Jakolevitch', '1972-03-25', 'Male', '08 Bayside Road', NULL, NULL, 1),
(16, 'Mordy', 'Hapgood', '2003-06-14', 'Male', '05925 Summer Ridge Road', NULL, NULL, 2),
(17, 'Kellen', 'Britee', '1996-12-23', 'Female', '0654 Ronald Regan Street', NULL, NULL, 2),
(18, 'Vinny', 'Creber', '1997-09-08', 'Female', '223 Mcguire Point', NULL, NULL, 3),
(19, 'Jennine', 'Mulheron', '1983-04-21', 'Female', '9 Leroy Point', NULL, NULL, 1),
(20, 'Eli', 'Goldthorpe', '1999-01-07', 'Male', '018 Gerald Point', NULL, NULL, 1),
(21, 'Aldrich', 'Josebury', '1978-02-25', 'Male', '7 Jenna Road', NULL, NULL, 1),
(22, 'Eugene', 'Pelfer', '1972-01-30', 'Male', '304 Lakewood Avenue', NULL, NULL, 1),
(23, 'Kimmie', 'Lyes', '2001-04-26', 'Female', '74374 Steensland Plaza', NULL, NULL, 2),
(24, 'Katy', 'Ellam', '1975-08-28', 'Female', '69 Heffernan Drive', NULL, NULL, 1),
(26, 'Godard', 'Van Arsdall', '1994-06-20', 'Male', '024 Graedel Avenue', NULL, NULL, 3),
(27, 'Rouvin', 'Donovan', '2002-01-14', 'Male', '4 Armistice Point', NULL, NULL, 3),
(28, 'Annice', 'Josifovitz', '1976-10-18', 'Female', '5476 Meadow Valley Point', NULL, NULL, 3),
(29, 'Nev', 'Saddington', '1979-10-13', 'Male', '886 Dennis Crossing', NULL, NULL, 2),
(30, 'Deerdre', 'Custard', '1974-07-06', 'Female', '7239 Green Point', NULL, NULL, 2),
(31, 'Ricoriki', 'Featherstonhaugh', '1976-12-01', 'Male', '90932 Little Fleur Junction', NULL, NULL, 3),
(32, 'Fee', 'Gwyther', '1974-08-23', 'Male', '74314 Forster Court', NULL, NULL, 2),
(33, 'Casey', 'Insole', '1998-11-20', 'Male', '039 Stone Corner Drive', NULL, NULL, 1),
(34, 'Brittani', 'Carress', '1977-08-08', 'Female', '9190 Loomis Drive', NULL, NULL, 2),
(35, 'Bryn', 'Ferrarin', '1980-10-05', 'Male', '2987 Steensland Point', NULL, NULL, 3),
(36, 'Gerta', 'Hornig', '1982-08-14', 'Female', '368 Troy Lane', NULL, NULL, 1),
(37, 'Bibi', 'Hodgins', '2000-06-06', 'Female', '2 Fair Oaks Alley', NULL, NULL, 1),
(38, 'Billie', 'Muzzlewhite', '1999-03-14', 'Male', '2334 Oak Lane', NULL, NULL, 1),
(39, 'Sarena', 'Verrill', '1970-01-22', 'Female', '65110 Bartillon Drive', NULL, NULL, 3),
(40, 'Catha', 'Schild', '1993-03-07', 'Female', '0 Warrior Street', NULL, NULL, 3),
(41, 'Auguste', 'Pittem', '2000-09-25', 'Female', '1907 Dovetail Street', NULL, NULL, 2),
(42, 'Anson', 'Iannello', '2003-02-23', 'Male', '666 Boyd Place', NULL, NULL, 3),
(43, 'Forbes', 'Cubbon', '1986-09-15', 'Male', '97290 Pleasure Alley', NULL, NULL, 2),
(44, 'Lon', 'Besant', '1996-06-11', 'Male', '3539 Autumn Leaf Center', NULL, NULL, 2),
(45, 'Ruby', 'Huggill', '1995-01-09', 'Male', '3756 Pine View Way', NULL, NULL, 1),
(46, 'Rockwell', 'Achromov', '1973-12-23', 'Male', '242 Sutteridge Drive', NULL, NULL, 3),
(47, 'Eadie', 'Denkel', '1979-09-04', 'Female', '7 International Trail', NULL, NULL, 1),
(48, 'Sterling', 'Gouldsmith', '2000-04-28', 'Male', '8820 Reindahl Alley', NULL, NULL, 3),
(49, 'Ciel', 'Bottelstone', '2002-10-13', 'Female', '9636 Evergreen Avenue', NULL, NULL, 1),
(50, 'Alessandro', 'Domniney', '1983-05-08', 'Male', '58843 Vahlen Hill', NULL, NULL, 1),
(51, 'Toddie', 'Bealing', '1974-07-28', 'Male', '03743 Lotheville Place', NULL, NULL, 2),
(52, 'Gabriellia', 'Fairrie', '1973-08-21', 'Female', '13 Johnson Crossing', NULL, NULL, 2),
(53, 'Fanchon', 'Slocum', '1971-03-04', 'Female', '751 Dunning Hill', NULL, NULL, 2),
(54, 'Xylia', 'Fogden', '2002-05-02', 'Female', '150 Little Fleur Point', NULL, NULL, 1),
(55, 'Annelise', 'Ortes', '1977-02-25', 'Female', '2 Dwight Plaza', NULL, NULL, 1),
(56, 'Phebe', 'Delves', '1979-02-26', 'Female', '66 Lakewood Road', NULL, NULL, 1),
(57, 'Huntington', 'Sara', '2000-08-05', 'Male', '9988 Evergreen Hill', NULL, NULL, 2),
(58, 'Jae', 'Borgnet', '1975-01-29', 'Male', '5 Pond Drive', NULL, NULL, 3),
(59, 'Hobart', 'Cromleholme', '1995-05-26', 'Male', '75951 Debs Crossing', NULL, NULL, 2),
(60, 'Sunny', 'Georgeon', '1986-12-19', 'Male', '80 Arapahoe Hill', NULL, NULL, 1),
(61, 'Saunder', 'Clowsley', '2002-03-18', 'Male', '04158 Upham Center', NULL, NULL, 1),
(62, 'Reed', 'Shucksmith', '1990-05-03', 'Male', '155 Esch Parkway', NULL, NULL, 3),
(63, 'Beck', 'Kenrack', '1970-12-11', 'Male', '9 Golf Course Junction', NULL, NULL, 1),
(64, 'Oralla', 'Yarn', '2002-04-16', 'Female', '2345 Hagan Circle', NULL, NULL, 1),
(65, 'Dewie', 'Axelbee', '1972-09-21', 'Male', '7787 Spohn Court', NULL, NULL, 2),
(66, 'Maitilde', 'Reskelly', '2003-06-05', 'Female', '01 Hoard Terrace', NULL, NULL, 1),
(67, 'Flin', 'MacSherry', '2001-12-26', 'Male', '770 Stoughton Center', NULL, NULL, 3),
(68, 'Jarad', 'Fideler', '1977-05-06', 'Male', '93 Donald Lane', NULL, NULL, 2),
(69, 'Rickard', 'Holdworth', '1993-01-31', 'Male', '31 Toban Hill', NULL, NULL, 2),
(70, 'Juanita', 'Grog', '2001-10-20', 'Female', '0813 Fallview Parkway', NULL, NULL, 2),
(71, 'Bob', 'Barrasse', '1982-01-25', 'Male', '0 Del Mar Drive', NULL, NULL, 3),
(72, 'Nial', 'Duley', '1985-11-04', 'Male', '9 Prentice Drive', NULL, NULL, 1),
(73, 'Jaquenette', 'Stickens', '1976-02-09', 'Female', '8 Swallow Pass', NULL, NULL, 2),
(74, 'Forster', 'Getcliff', '1996-01-22', 'Male', '0730 Sherman Parkway', NULL, NULL, 3),
(75, 'Audrey', 'Bilson', '1995-10-31', 'Female', '55 Amoth Lane', NULL, NULL, 3),
(76, 'Callean', 'Vincent', '1987-12-18', 'Male', '42227 Upham Avenue', NULL, NULL, 2),
(77, 'Maure', 'Grimstead', '1975-01-26', 'Female', '94857 Melody Hill', NULL, NULL, 1),
(78, 'Novelia', 'Bricknell', '2003-08-08', 'Female', '08351 Mesta Terrace', NULL, NULL, 3),
(79, 'Babara', 'Talks', '1999-02-05', 'Female', '3 Fuller Junction', NULL, NULL, 1),
(80, 'Clement', 'Andreuzzi', '2003-06-29', 'Male', '3365 West Circle', NULL, NULL, 3),
(81, 'Dani', 'Ind', '1972-02-25', 'Female', '84798 Mandrake Avenue', NULL, NULL, 2),
(82, 'Belinda', 'Skacel', '1976-10-21', 'Female', '48359 Hanson Trail', NULL, NULL, 2),
(83, 'Alec', 'Musterd', '1985-11-24', 'Male', '23086 Marquette Junction', NULL, NULL, 2),
(84, 'Rivi', 'Wildash', '1972-01-07', 'Female', '8 Mallard Way', NULL, NULL, 1),
(85, 'Bertie', 'De Mico', '1989-08-17', 'Male', '10 Loomis Court', NULL, NULL, 2),
(86, 'Lucias', 'Skittle', '1980-06-27', 'Male', '39333 Upham Hill', NULL, NULL, 3),
(87, 'Zebulen', 'Seabrooke', '2005-02-20', 'Male', '510 Westend Junction', NULL, NULL, 2),
(88, 'Cathrine', 'Wannell', '1975-06-02', 'Female', '380 Weeping Birch Center', NULL, NULL, 2),
(89, 'Querida', 'Godfree', '1984-03-24', 'Female', '60 Iowa Alley', NULL, NULL, 3),
(90, 'Dalt', 'Jaulmes', '1992-12-02', 'Male', '587 Eastwood Trail', NULL, NULL, 2),
(91, 'Ferris', 'Giberd', '2002-12-29', 'Male', '726 Melody Crossing', NULL, NULL, 2),
(92, 'Tiphani', 'Reville', '1989-10-26', 'Female', '566 Hayes Place', NULL, NULL, 2),
(93, 'Maddie', 'Lambal', '1990-06-12', 'Male', '33 Mcguire Drive', NULL, NULL, 1),
(94, 'Gus', 'Haddrell', '1979-04-16', 'Male', '19 Lindbergh Plaza', NULL, NULL, 2),
(95, 'Stanwood', 'Grassick', '2003-03-21', 'Male', '73214 Artisan Crossing', NULL, NULL, 1),
(96, 'Emmy', 'Toffolini', '1987-07-20', 'Female', '498 Upham Crossing', NULL, NULL, 3),
(97, 'Eziechiele', 'Sanderson', '1989-07-10', 'Male', '81047 Thompson Court', NULL, NULL, 3),
(98, 'Anastasia', 'Huchot', '1978-01-21', 'Female', '0094 Mcbride Crossing', NULL, NULL, 3),
(99, 'Issiah', 'Chiese', '1979-11-06', 'Male', '088 Barnett Junction', NULL, NULL, 1),
(100, 'Timmie', 'Nolleth', '1993-10-13', 'Male', '5 High Crossing Terrace', NULL, NULL, 1),
(101, 'Granny', 'Ramsby', '1994-03-08', 'Male', '2919 Goodland Trail', NULL, NULL, 3),
(102, 'Edie', 'Menilove', '1980-01-06', 'Female', '226 Havey Hill', NULL, NULL, 2),
(103, 'Chrisy', 'Lightbowne', '1997-07-27', 'Male', '07405 Di Loreto Avenue', NULL, NULL, 1),
(104, 'Ralf', 'Barwis', '2003-09-22', 'Male', '00034 Onsgard Circle', NULL, NULL, 1),
(105, 'Gilles', 'Pumphrey', '2001-02-11', 'Male', '3894 Redwing Circle', NULL, NULL, 3),
(106, 'Myer', 'Bengtsson', '1996-02-07', 'Male', '09 Mosinee Point', NULL, NULL, 1),
(107, 'Gordon', 'Dunbabin', '1976-02-04', 'Male', '8946 Norway Maple Hill', NULL, NULL, 3),
(108, 'Beatriz', 'Bixley', '1977-03-26', 'Female', '6 Summit Hill', NULL, NULL, 2),
(109, 'Hewett', 'Folbige', '1989-07-14', 'Male', '760 Hanover Circle', NULL, NULL, 1),
(110, 'Hilda', 'Silburn', '1991-09-16', 'Female', '4505 Fairview Circle', NULL, NULL, 3),
(111, 'Genny', 'Cullnean', '1989-02-26', 'Female', '5833 Helena Plaza', NULL, NULL, 2),
(112, 'Colas', 'Northgraves', '1973-11-05', 'Male', '0561 Farmco Center', NULL, NULL, 1),
(113, 'Branden', 'Lamperd', '1977-02-27', 'Male', '69 Menomonie Pass', NULL, NULL, 3),
(114, 'Joelynn', 'Dreher', '1996-02-13', 'Female', '42 David Alley', NULL, NULL, 1),
(115, 'Doro', 'Wingar', '1970-06-13', 'Female', '595 Bay Road', NULL, NULL, 3),
(116, 'Walt', 'Naylor', '1992-08-03', 'Male', '7 Grasskamp Parkway', NULL, NULL, 3),
(117, 'Hazel', 'Matt', '1970-06-08', 'Male', '7819 Maple Wood Circle', NULL, NULL, 1),
(118, 'Julee', 'Gilhespy', '1998-01-12', 'Female', '48 Ridgeview Terrace', NULL, NULL, 3),
(119, 'Eleanore', 'Zorzenoni', '1993-09-25', 'Female', '49 Kedzie Parkway', NULL, NULL, 2),
(120, 'Leta', 'Henfre', '2005-07-03', 'Female', '1 Nobel Parkway', NULL, NULL, 1),
(121, 'Mel', 'Gunthorpe', '1972-09-11', 'Male', '02688 Sherman Lane', NULL, NULL, 3),
(122, 'Northrup', 'Bocke', '1980-07-01', 'Male', '534 Vahlen Place', NULL, NULL, 3),
(123, 'Carmela', 'Bernardo', '2004-01-27', 'Female', '4040 Sunbrook Lane', NULL, NULL, 2),
(124, 'Tore', 'Shave', '1977-08-12', 'Male', '320 Mayer Parkway', NULL, NULL, 3),
(125, 'Warden', 'Swallwell', '1976-09-29', 'Male', '54 Oriole Center', NULL, NULL, 2),
(126, 'Vania', 'Ainsbury', '1975-10-13', 'Female', '85 Arrowood Court', NULL, NULL, 3),
(127, 'Cissy', 'Solomon', '1994-11-20', 'Female', '921 Barnett Avenue', NULL, NULL, 2),
(128, 'Cynthie', 'Snoden', '1975-07-21', 'Female', '33 Ruskin Park', NULL, NULL, 1),
(129, 'Drusi', 'Sheavills', '1976-08-09', 'Female', '0308 John Wall Point', NULL, NULL, 1),
(130, 'Roger', 'Finlator', '1973-06-13', 'Male', '3158 Ohio Alley', NULL, NULL, 2),
(131, 'Alic', 'Howles', '1973-07-27', 'Male', '2 Coolidge Alley', NULL, NULL, 1),
(132, 'Nikos', 'Semarke', '1988-06-14', 'Male', '43709 Badeau Crossing', NULL, NULL, 2),
(133, 'Luce', 'Towersey', '1982-06-23', 'Male', '62 Mayer Court', NULL, NULL, 2),
(134, 'Katerina', 'Sandeford', '1987-01-12', 'Female', '718 Del Sol Circle', NULL, NULL, 3),
(135, 'Michell', 'Tompkinson', '1972-01-08', 'Female', '00 Lindbergh Lane', NULL, NULL, 1),
(136, 'Urban', 'Shrimpton', '1976-03-12', 'Male', '14 Little Fleur Court', NULL, NULL, 2),
(137, 'Ross', 'Mityushkin', '1975-05-06', 'Male', '221 Ryan Plaza', NULL, NULL, 2),
(138, 'Donni', 'Wigg', '1976-05-19', 'Female', '01416 Crescent Oaks Circle', NULL, NULL, 3),
(139, 'Dillie', 'Corre', '1980-07-11', 'Male', '7372 La Follette Park', NULL, NULL, 1),
(140, 'Wynn', 'Ciotti', '1995-11-05', 'Male', '79 Shoshone Center', NULL, NULL, 3),
(141, 'Waldo', 'Raittie', '1999-03-02', 'Male', '4086 Oriole Trail', NULL, NULL, 2),
(142, 'Rikki', 'Drover', '1988-11-10', 'Male', '4126 Bobwhite Trail', NULL, NULL, 3),
(143, 'Ramon', 'Andreasen', '2000-05-07', 'Male', '46 Fordem Terrace', NULL, NULL, 3),
(144, 'Avictor', 'Northcote', '1977-09-28', 'Male', '71163 Oak Valley Court', NULL, NULL, 3),
(145, 'Sophia', 'Calway', '1982-04-22', 'Female', '73 Warner Place', NULL, NULL, 1),
(146, 'Moira', 'Wilstead', '1994-04-14', 'Female', '5 Kipling Place', NULL, NULL, 3),
(147, 'Miller', 'Whelpton', '1980-08-26', 'Male', '61968 Schmedeman Park', NULL, NULL, 2),
(148, 'Wilt', 'Ohrt', '1973-07-16', 'Male', '087 Schiller Drive', NULL, NULL, 2),
(149, 'Kathe', 'Hallan', '1979-12-31', 'Female', '91 Bunting Plaza', NULL, NULL, 3),
(150, 'Mahala', 'Rucklidge', '1972-01-14', 'Female', '7 Schiller Road', NULL, NULL, 2),
(151, 'Daphna', 'Orteu', '1980-06-09', 'Female', '24119 Hanson Street', NULL, NULL, 3),
(152, 'Anna-diane', 'Abramowsky', '1983-08-25', 'Female', '06 Golden Leaf Crossing', NULL, NULL, 1),
(153, 'Carrol', 'Acom', '1984-06-29', 'Male', '88 Linden Lane', NULL, NULL, 3),
(154, 'Cointon', 'Dodgshun', '1993-09-12', 'Male', '4111 Tomscot Lane', NULL, NULL, 1),
(155, 'Jammal', 'Witherdon', '1998-04-22', 'Male', '0 Golden Leaf Point', NULL, NULL, 1),
(156, 'Elliot', 'Moralee', '1979-02-20', 'Male', '62 Graceland Trail', NULL, NULL, 3),
(157, 'Luciano', 'Giorgini', '1986-05-16', 'Male', '54 Corry Parkway', NULL, NULL, 1),
(158, 'Katti', 'Palfreeman', '1976-06-20', 'Female', '28 Russell Alley', NULL, NULL, 1),
(159, 'Mata', 'Nason', '1988-02-16', 'Male', '8 Gina Place', NULL, NULL, 3),
(160, 'Lucia', 'Watmough', '1998-03-29', 'Female', '0 Dennis Drive', NULL, NULL, 1),
(161, 'Kinny', 'Tregear', '2003-06-03', 'Male', '67292 Melvin Point', NULL, NULL, 1),
(162, 'Celestina', 'Reeks', '1992-12-12', 'Female', '0 Calypso Way', NULL, NULL, 2),
(163, 'Birch', 'Boggis', '1974-02-02', 'Male', '5 Holy Cross Place', NULL, NULL, 3),
(164, 'Annabelle', 'Zahor', '2000-12-20', 'Female', '7568 Fair Oaks Avenue', NULL, NULL, 1),
(165, 'Annabal', 'Mityukov', '1982-08-29', 'Female', '8 Manley Court', NULL, NULL, 1),
(166, 'Early', 'Corrin', '1985-10-19', 'Male', '9935 Chive Plaza', NULL, NULL, 2),
(167, 'Margit', 'Hearse', '2005-01-04', 'Female', '8175 Daystar Park', NULL, NULL, 3),
(168, 'Marshall', 'Fahy', '1998-04-08', 'Male', '055 Ludington Pass', NULL, NULL, 1),
(169, 'Bradford', 'Liccardi', '1971-11-02', 'Male', '81182 Manitowish Crossing', NULL, NULL, 2),
(170, 'Gwenore', 'Peasee', '2004-10-16', 'Female', '144 Stoughton Terrace', NULL, NULL, 1),
(171, 'Eberhard', 'Osanne', '1994-01-25', 'Male', '3660 Sherman Plaza', NULL, NULL, 3),
(172, 'Berti', 'Rockey', '1973-01-11', 'Female', '5421 Crescent Oaks Plaza', NULL, NULL, 1),
(173, 'Jerrie', 'Rivelon', '1974-01-10', 'Female', '090 Hayes Junction', NULL, NULL, 3),
(174, 'Thalia', 'Scotchford', '1999-08-21', 'Female', '21 La Follette Road', NULL, NULL, 3),
(175, 'Gorden', 'MacGillicuddy', '2004-09-16', 'Male', '61 Nobel Hill', NULL, NULL, 2),
(176, 'Corine', 'Heliet', '1974-07-20', 'Female', '06 Towne Hill', NULL, NULL, 1),
(177, 'Llewellyn', 'Cosstick', '1974-12-21', 'Male', '8156 Elka Junction', NULL, NULL, 3),
(178, 'Kala', 'Capineer', '1973-07-19', 'Female', '81200 Delladonna Place', NULL, NULL, 3),
(179, 'Eziechiele', 'Bywaters', '1974-04-05', 'Male', '1 Homewood Point', NULL, NULL, 2),
(180, 'Gill', 'Kidby', '1998-04-03', 'Male', '75919 Dwight Park', NULL, NULL, 1),
(181, 'Dorena', 'Vivians', '1990-01-26', 'Female', '98602 Pennsylvania Park', NULL, NULL, 2),
(182, 'Minnie', 'Scowcroft', '1985-04-08', 'Female', '2802 Blaine Pass', NULL, NULL, 1),
(183, 'Nadean', 'Vaszoly', '1981-02-10', 'Female', '958 Kropf Avenue', NULL, NULL, 3),
(184, 'Judie', 'Going', '1997-12-02', 'Female', '06 Stuart Drive', NULL, NULL, 2),
(185, 'Delbert', 'Vinten', '2001-09-10', 'Male', '385 Hooker Parkway', NULL, NULL, 2),
(186, 'Crista', 'Cheng', '1974-06-24', 'Female', '373 Kedzie Junction', NULL, NULL, 1),
(187, 'Poul', 'Sandison', '1977-08-27', 'Male', '05 Dawn Junction', NULL, NULL, 2),
(188, 'Barris', 'Garoghan', '1987-10-29', 'Male', '89671 Duke Center', NULL, NULL, 2),
(189, 'Chick', 'Shinton', '1980-06-02', 'Male', '06333 Grayhawk Park', NULL, NULL, 2),
(190, 'Yetty', 'Toppes', '1971-04-08', 'Female', '80 Rockefeller Place', NULL, NULL, 3),
(191, 'Trevor', 'Ciraldo', '1971-03-05', 'Male', '0014 Ilene Lane', NULL, NULL, 2),
(192, 'Mala', 'Ledeker', '1982-04-10', 'Female', '508 Cody Court', NULL, NULL, 2),
(193, 'Roslyn', 'Stuchburie', '1970-01-24', 'Female', '2495 Sunnyside Crossing', NULL, NULL, 1),
(194, 'Devonne', 'Bringloe', '1980-03-18', 'Female', '2571 Dennis Crossing', NULL, NULL, 1),
(195, 'Bartholomeus', 'Nendick', '1991-12-14', 'Male', '73130 Anzinger Crossing', NULL, NULL, 1),
(196, 'Adham', 'Andreia', '1987-11-08', 'Male', '0 Towne Parkway', NULL, NULL, 2),
(197, 'Shena', 'Hyslop', '1986-03-23', 'Female', '84 Fallview Alley', NULL, NULL, 1),
(198, 'Edouard', 'Butrimovich', '1977-02-05', 'Male', '8 Calypso Hill', NULL, NULL, 2),
(199, 'Ulises', 'Woollends', '2000-11-18', 'Male', '447 Kings Circle', NULL, NULL, 2),
(200, 'Susy', 'McCallister', '1992-06-01', 'Female', '7 Lunder Way', NULL, NULL, 3),
(201, 'Andromache', 'Stoffels', '2001-06-04', 'Female', '56 Hermina Trail', NULL, NULL, 2),
(202, 'Fernanda', 'Shewring', '1996-04-10', 'Female', '01 Jenna Street', NULL, NULL, 3),
(203, 'Ashly', 'Hiorn', '1974-05-24', 'Female', '79 Sundown Alley', NULL, NULL, 2),
(204, 'Mitchell', 'Poulney', '1970-01-19', 'Male', '9 Main Junction', NULL, NULL, 1),
(205, 'Korie', 'MacKintosh', '1979-12-02', 'Female', '32280 Sycamore Hill', NULL, NULL, 3),
(206, 'Zedekiah', 'Davidai', '1979-03-08', 'Male', '583 Moulton Center', NULL, NULL, 1),
(207, 'Reina', 'Soff', '1970-03-08', 'Female', '583 Coolidge Place', NULL, NULL, 2),
(208, 'Vyky', 'Beves', '1998-09-02', 'Female', '0170 Talisman Pass', NULL, NULL, 3),
(209, 'Filbert', 'Cottle', '1976-08-16', 'Male', '385 Logan Lane', NULL, NULL, 3),
(210, 'Carmine', 'Gloyens', '2004-07-29', 'Male', '8 Nelson Lane', NULL, NULL, 1),
(211, 'Mauricio', 'Elecum', '1979-12-31', 'Male', '5401 Fairview Junction', NULL, NULL, 3),
(212, 'Peri', 'O\'Donoghue', '1999-04-18', 'Female', '57395 Service Street', NULL, NULL, 1),
(213, 'Odessa', 'Scaplehorn', '1973-08-20', 'Female', '42746 Blackbird Alley', NULL, NULL, 1),
(214, 'Zondra', 'Merrigans', '1979-02-16', 'Female', '3 Stephen Circle', NULL, NULL, 1),
(215, 'Catharina', 'Flott', '1973-09-14', 'Female', '652 Dunning Plaza', NULL, NULL, 2),
(216, 'Frieda', 'Tracy', '1996-09-02', 'Female', '90524 Dunning Lane', NULL, NULL, 2),
(217, 'Teddi', 'Dummer', '1976-02-16', 'Female', '22989 Graceland Circle', NULL, NULL, 3),
(218, 'Jayson', 'MacGuiness', '1985-02-04', 'Male', '1801 Springview Alley', NULL, NULL, 1),
(219, 'Abbey', 'Tollett', '1987-09-12', 'Female', '5886 Fordem Parkway', NULL, NULL, 2),
(220, 'Edgar', 'Worsley', '1986-07-20', 'Male', '89 Algoma Street', NULL, NULL, 3),
(221, 'Vince', 'Aisman', '1995-03-16', 'Male', '2143 Bultman Park', NULL, NULL, 2),
(222, 'Ophelie', 'Tourry', '1998-09-22', 'Female', '8222 Stoughton Hill', NULL, NULL, 2),
(223, 'Alejandro', 'Dun', '1972-02-23', 'Male', '4 Burning Wood Circle', NULL, NULL, 1),
(224, 'Hephzibah', 'Matushevitz', '1989-06-05', 'Female', '4120 Jackson Park', NULL, NULL, 3),
(225, 'Verena', 'Pigne', '1976-07-09', 'Female', '534 Lakewood Terrace', NULL, NULL, 3),
(226, 'Wally', 'Beckenham', '1995-12-26', 'Female', '6 Pleasure Junction', NULL, NULL, 2),
(227, 'Lisetta', 'Crone', '2005-01-28', 'Female', '78 Magdeline Plaza', NULL, NULL, 3),
(228, 'Shanan', 'Rowantree', '1975-05-10', 'Male', '0 Porter Park', NULL, NULL, 3),
(229, 'Adriana', 'Fazan', '1986-05-04', 'Female', '452 Memorial Junction', NULL, NULL, 3),
(230, 'Linea', 'Dewberry', '1984-12-17', 'Female', '252 Oriole Alley', NULL, NULL, 1),
(231, 'Erwin', 'Matessian', '1988-08-21', 'Male', '415 Hazelcrest Circle', NULL, NULL, 2),
(232, 'Tilly', 'Scopes', '2001-10-16', 'Female', '776 Cottonwood Pass', NULL, NULL, 1),
(233, 'Cindi', 'Gravy', '2005-10-07', 'Female', '6702 Briar Crest Parkway', NULL, NULL, 1),
(234, 'Meta', 'Gerhardt', '1981-07-25', 'Female', '11 Mockingbird Trail', NULL, NULL, 1),
(235, 'Chrystal', 'Whyke', '1986-12-14', 'Female', '4239 Meadow Vale Road', NULL, NULL, 2),
(236, 'Anne-marie', 'Goodbar', '2003-10-13', 'Female', '0610 Oak Pass', NULL, NULL, 3),
(237, 'Wilfrid', 'Ciccotto', '1996-02-10', 'Male', '6304 Magdeline Trail', NULL, NULL, 3),
(238, 'Tomaso', 'Kedie', '2003-02-28', 'Male', '8 Di Loreto Alley', NULL, NULL, 3),
(239, 'Justen', 'Dadswell', '1995-08-07', 'Male', '29259 Kensington Pass', NULL, NULL, 2),
(240, 'Shannon', 'Treadgold', '1994-06-26', 'Female', '978 Tennyson Center', NULL, NULL, 3),
(241, 'Bellanca', 'Welbourn', '1973-09-01', 'Female', '419 Mariners Cove Court', NULL, NULL, 3),
(242, 'Gerry', 'Alker', '1996-04-24', 'Male', '000 Pierstorff Drive', NULL, NULL, 1),
(243, 'Antonie', 'Wroughton', '2002-12-21', 'Female', '33314 Rutledge Avenue', NULL, NULL, 2),
(244, 'Abbey', 'Moxted', '1972-09-22', 'Male', '170 Park Meadow Lane', NULL, NULL, 1),
(245, 'Hewet', 'Niemetz', '1992-01-12', 'Male', '7 Lillian Drive', NULL, NULL, 3),
(246, 'Filmore', 'Carnell', '1974-07-08', 'Male', '03175 Bellgrove Plaza', NULL, NULL, 1),
(247, 'Ted', 'Whipple', '2005-05-09', 'Female', '182 Daystar Alley', NULL, NULL, 2),
(248, 'Nicolle', 'Lehrer', '1987-10-05', 'Female', '82 Harper Way', NULL, NULL, 1),
(249, 'Eula', 'Wanden', '2004-04-30', 'Female', '4 Sommers Hill', NULL, NULL, 2),
(250, 'Neddie', 'Kirwin', '1977-07-31', 'Male', '93578 Mayfield Alley', NULL, NULL, 2),
(251, 'Tiphani', 'Click', '1975-04-16', 'Female', '9 American Crossing', NULL, NULL, 3),
(252, 'Pris', 'Housecroft', '2005-09-11', 'Female', '729 Center Hill', NULL, NULL, 2),
(253, 'Care', 'Antonsson', '1999-11-21', 'Male', '17 Portage Crossing', NULL, NULL, 3),
(254, 'Celesta', 'McGowan', '1987-04-17', 'Female', '14429 Fisk Circle', NULL, NULL, 2),
(255, 'Amby', 'Fenners', '1979-09-26', 'Male', '57 Sherman Point', NULL, NULL, 3),
(256, 'Sax', 'Schermick', '1985-07-20', 'Male', '02256 Cambridge Parkway', NULL, NULL, 2),
(257, 'Lianne', 'Fellgett', '1984-08-29', 'Female', '94161 Golf Course Hill', NULL, NULL, 1),
(258, 'Job', 'Brettoner', '1981-08-29', 'Male', '127 Buell Alley', NULL, NULL, 1),
(259, 'Fernanda', 'Swinnerton', '1975-12-06', 'Female', '46598 Village Green Court', NULL, NULL, 3),
(260, 'Ingunna', 'Ilyushkin', '1997-06-09', 'Female', '62 Bashford Junction', NULL, NULL, 2),
(261, 'Donnie', 'Scopes', '1980-08-18', 'Female', '860 Rutledge Lane', NULL, NULL, 3),
(262, 'Marijn', 'Blasik', '1988-11-17', 'Male', '3 Summer Ridge Park', NULL, NULL, 2),
(263, 'Elle', 'Cresswell', '1997-09-22', 'Female', '01908 Hoard Place', NULL, NULL, 3),
(264, 'Alfy', 'Conisbee', '1998-01-11', 'Female', '43 Dwight Court', NULL, NULL, 1),
(265, 'Marika', 'Richard', '2002-07-16', 'Female', '64 Menomonie Pass', NULL, NULL, 1),
(266, 'Collen', 'Cominotti', '1977-08-10', 'Female', '768 Erie Place', NULL, NULL, 2),
(267, 'Barbara', 'Coppo', '1971-03-22', 'Female', '6 Larry Trail', NULL, NULL, 2),
(268, 'Joellyn', 'Punch', '1995-03-14', 'Female', '96765 Anhalt Street', NULL, NULL, 1),
(269, 'Kenton', 'Lovick', '1985-04-22', 'Male', '84 Loftsgordon Lane', NULL, NULL, 1),
(270, 'Tobey', 'Buxcey', '1983-05-11', 'Female', '0183 Summerview Trail', NULL, NULL, 3),
(271, 'Jewell', 'Liptrod', '1987-12-30', 'Female', '1865 Heffernan Road', NULL, NULL, 3),
(272, 'Briano', 'Housiaux', '1982-08-09', 'Male', '30 Sloan Plaza', NULL, NULL, 1),
(273, 'Salaidh', 'Breawood', '1995-11-07', 'Female', '66 Forest Avenue', NULL, NULL, 1),
(274, 'Maitilde', 'Doohan', '1999-06-12', 'Female', '44 Basil Place', NULL, NULL, 2),
(275, 'Tim', 'Kubera', '1993-03-15', 'Male', '925 Meadow Valley Trail', NULL, NULL, 1),
(276, 'Tye', 'Flewett', '2003-02-08', 'Male', '8 Hanover Road', NULL, NULL, 3),
(277, 'Cob', 'Detoile', '1973-01-30', 'Male', '73 Mallory Way', NULL, NULL, 3),
(278, 'Allyn', 'Merrydew', '1991-05-19', 'Male', '02 Macpherson Way', NULL, NULL, 3),
(279, 'Meredeth', 'Dormand', '1988-11-26', 'Male', '2738 Hanson Parkway', NULL, NULL, 2),
(280, 'Finn', 'Mullan', '1998-08-19', 'Male', '9 Anderson Road', NULL, NULL, 3),
(281, 'Anna', 'Boschmann', '2005-10-17', 'Female', '047 Talisman Crossing', NULL, NULL, 2),
(282, 'Melvin', 'Kinnerley', '1990-11-09', 'Male', '5869 Fulton Pass', NULL, NULL, 3),
(283, 'Sharla', 'Gerardin', '1971-11-14', 'Female', '89 Fulton Terrace', NULL, NULL, 3),
(284, 'Claiborne', 'Trumpeter', '1989-11-04', 'Male', '93 Birchwood Street', NULL, NULL, 3),
(285, 'Libbey', 'Brachell', '1994-02-23', 'Female', '73485 Rieder Alley', NULL, NULL, 3),
(286, 'Lovell', 'Stamps', '1982-07-06', 'Male', '308 Bartillon Road', NULL, NULL, 2),
(287, 'Hillary', 'Masedon', '1982-11-03', 'Female', '620 Dunning Crossing', NULL, NULL, 2),
(288, 'Cleon', 'Botterill', '1987-05-16', 'Male', '841 Gateway Court', NULL, NULL, 2),
(289, 'Linnell', 'Bygrove', '1977-01-01', 'Female', '6619 Daystar Terrace', NULL, NULL, 1),
(290, 'Arabele', 'Collecott', '1981-12-09', 'Female', '53661 Portage Alley', NULL, NULL, 3),
(291, 'Winonah', 'Woliter', '1989-08-31', 'Female', '003 Thackeray Park', NULL, NULL, 1),
(292, 'Gale', 'Kinglesyd', '1973-06-21', 'Female', '6905 Mcguire Hill', NULL, NULL, 2),
(293, 'Reuben', 'Hayesman', '1983-07-23', 'Male', '9 Del Mar Crossing', NULL, NULL, 2),
(294, 'Phillida', 'Khadir', '1980-05-19', 'Female', '7 Cottonwood Trail', NULL, NULL, 2),
(295, 'Mathe', 'Van Weedenburg', '1998-09-27', 'Male', '40431 Northland Hill', NULL, NULL, 1),
(296, 'Kiele', 'Testro', '1991-11-26', 'Female', '93709 Dixon Court', NULL, NULL, 3),
(297, 'Fayre', 'Fernanando', '1984-06-10', 'Female', '99 Hudson Court', NULL, NULL, 3),
(298, 'Nady', 'Durning', '1996-06-08', 'Female', '47259 Calypso Terrace', NULL, NULL, 2),
(299, 'Brand', 'Tomkys', '1988-10-01', 'Male', '36 Longview Place', NULL, NULL, 3),
(300, 'Kevan', 'Tomley', '2001-03-30', 'Male', '07551 Chive Alley', NULL, NULL, 2),
(301, 'Merwin', 'Chatres', '2002-04-12', 'Male', '21 Sunnyside Parkway', NULL, NULL, 1),
(302, 'Kerwin', 'Bulled', '1979-02-17', 'Male', '89 Bunker Hill Junction', NULL, NULL, 2),
(303, 'Keenan', 'Ord', '1970-09-22', 'Male', '626 Warner Terrace', NULL, NULL, 1),
(304, 'Mirelle', 'Copeman', '1970-06-06', 'Female', '28674 Mallory Park', NULL, NULL, 1),
(305, 'Wallis', 'Spanswick', '1995-09-22', 'Female', '2169 1st Lane', NULL, NULL, 3),
(306, 'Dorris', 'Clara', '1988-09-07', 'Female', '8 Carioca Street', NULL, NULL, 3),
(307, 'Meridith', 'Sporrij', '1977-01-26', 'Female', '6 Hoard Pass', NULL, NULL, 1),
(308, 'Giacomo', 'Claringbold', '1977-10-15', 'Male', '69 Armistice Terrace', NULL, NULL, 2),
(309, 'Stirling', 'Almak', '1980-08-10', 'Male', '54 Summer Ridge Circle', NULL, NULL, 3),
(310, 'Chariot', 'Wem', '2002-10-23', 'Male', '9160 Thierer Center', NULL, NULL, 2),
(311, 'Alejandrina', 'Asquez', '1985-03-01', 'Female', '3 Dorton Pass', NULL, NULL, 3),
(312, 'Fiona', 'Parcall', '1986-04-13', 'Female', '113 Coleman Place', NULL, NULL, 3),
(313, 'Dunc', 'Baser', '1999-04-22', 'Male', '26 Summer Ridge Park', NULL, NULL, 2),
(314, 'Glynn', 'McGivena', '1980-10-15', 'Male', '75 Stang Center', NULL, NULL, 3),
(315, 'Kristo', 'Mertgen', '1978-09-28', 'Male', '59 Oriole Trail', NULL, NULL, 3),
(316, 'Arte', 'Samsonsen', '1978-09-07', 'Male', '47244 Mockingbird Park', NULL, NULL, 1),
(317, 'Sandra', 'Briscoe', '1996-10-08', 'Female', '99 Darwin Place', NULL, NULL, 3),
(318, 'Pierson', 'Lynnitt', '1987-01-24', 'Male', '9 Truax Point', NULL, NULL, 2),
(319, 'Raddy', 'Frascone', '1980-07-05', 'Male', '03493 Crest Line Alley', NULL, NULL, 1),
(320, 'Aurelea', 'Strethill', '1994-07-13', 'Female', '2410 Meadow Vale Crossing', NULL, NULL, 3),
(321, 'Parry', 'Van der Kruijs', '1981-04-06', 'Male', '637 Forster Drive', NULL, NULL, 1),
(322, 'Ricky', 'Cisneros', '1995-09-27', 'Male', '5 Aberg Terrace', NULL, NULL, 2),
(323, 'De', 'MacAlpine', '1997-01-07', 'Female', '43391 Crownhardt Park', NULL, NULL, 2),
(324, 'Roley', 'Spawell', '1981-04-20', 'Male', '075 Helena Point', NULL, NULL, 1),
(325, 'Antoinette', 'Roskrug', '1988-01-01', 'Female', '5615 Carberry Drive', NULL, NULL, 2),
(326, 'Christoffer', 'Orridge', '1995-10-10', 'Male', '50 Esch Road', NULL, NULL, 3),
(327, 'Bryant', 'Whittleton', '1979-11-30', 'Male', '59512 Shopko Trail', NULL, NULL, 3),
(328, 'Symon', 'Pleasance', '1999-12-04', 'Male', '01 Pankratz Place', NULL, NULL, 1),
(329, 'Caro', 'Middis', '1981-08-08', 'Female', '8 Bonner Court', NULL, NULL, 2),
(330, 'Sheffie', 'Kalkofer', '2005-08-14', 'Male', '95 Onsgard Pass', NULL, NULL, 3),
(331, 'Koressa', 'Glancy', '1973-02-16', 'Female', '10531 Northland Hill', NULL, NULL, 2),
(332, 'Kerwinn', 'Coronas', '1983-06-22', 'Male', '6 Buell Center', NULL, NULL, 3),
(333, 'Michael', 'Flaherty', '2003-04-19', 'Male', '05356 Golf View Alley', NULL, NULL, 2),
(334, 'Mallorie', 'Hamblett', '2000-01-16', 'Female', '41 Colorado Way', NULL, NULL, 3),
(335, 'Emlyn', 'Peddar', '2000-03-25', 'Male', '76032 Buena Vista Junction', NULL, NULL, 1),
(336, 'Kennie', 'Althorpe', '2005-01-05', 'Male', '3031 Cody Crossing', NULL, NULL, 1),
(337, 'Hillary', 'Goosey', '1977-04-30', 'Male', '2 Meadow Valley Plaza', NULL, NULL, 2),
(338, 'Shelagh', 'Grumbridge', '1979-03-22', 'Female', '1111 Vernon Trail', NULL, NULL, 1),
(339, 'Jerrold', 'Woodrup', '1994-06-26', 'Male', '2 Lakewood Center', NULL, NULL, 1),
(340, 'Latrina', 'Greves', '1996-09-03', 'Female', '3202 Red Cloud Terrace', NULL, NULL, 3),
(341, 'Talya', 'Pierson', '1990-08-16', 'Female', '91091 Meadow Valley Avenue', NULL, NULL, 2),
(342, 'Inna', 'Bracchi', '1973-06-15', 'Female', '286 New Castle Circle', NULL, NULL, 2),
(343, 'Karlotte', 'Loxley', '1973-06-11', 'Female', '20700 Arkansas Avenue', NULL, NULL, 1),
(344, 'Merci', 'Mendus', '1992-03-27', 'Female', '22989 Crowley Park', NULL, NULL, 2),
(345, 'Calida', 'Bundock', '1980-03-26', 'Female', '298 Cardinal Parkway', NULL, NULL, 1),
(346, 'Dore', 'Coppard', '2000-03-18', 'Female', '63370 Bunker Hill Lane', NULL, NULL, 2),
(347, 'Kenny', 'Shiril', '1971-02-03', 'Male', '8619 Almo Road', NULL, NULL, 1),
(348, 'Berkie', 'Gilbanks', '1988-06-09', 'Male', '2266 Sundown Lane', NULL, NULL, 3),
(349, 'Celestine', 'Adel', '1992-01-30', 'Female', '69499 Talisman Terrace', NULL, NULL, 3),
(350, 'Jamesy', 'McCarney', '1984-05-03', 'Male', '9152 Towne Avenue', NULL, NULL, 1),
(351, 'Maura', 'Renols', '1971-11-03', 'Female', '71528 Pepper Wood Crossing', NULL, NULL, 2),
(352, 'Reidar', 'Broom', '1974-11-08', 'Male', '351 Stuart Crossing', NULL, NULL, 2),
(353, 'Vita', 'Cleminshaw', '2004-09-23', 'Female', '45244 Sullivan Plaza', NULL, NULL, 2),
(354, 'Fidelio', 'Batcock', '1995-06-05', 'Male', '00394 Anthes Place', NULL, NULL, 1),
(355, 'Yoshiko', 'Possell', '1999-07-18', 'Female', '7682 Pleasure Hill', NULL, NULL, 1),
(356, 'Arch', 'Ackrill', '1996-09-11', 'Male', '6 Burrows Trail', NULL, NULL, 2),
(357, 'Omero', 'Weymouth', '1993-07-19', 'Male', '56028 Bluestem Lane', NULL, NULL, 1),
(358, 'Cristin', 'Henderson', '1978-04-30', 'Female', '2 Darwin Court', NULL, NULL, 2),
(359, 'Bink', 'Drable', '1977-02-08', 'Male', '3 Cottonwood Street', NULL, NULL, 2),
(360, 'Nil', 'Crilly', '1999-10-27', 'Male', '7041 Barnett Point', NULL, NULL, 1),
(361, 'Darryl', 'Kryszka', '2002-01-28', 'Female', '057 Lawn Point', NULL, NULL, 3),
(362, 'Dedra', 'Timlett', '2004-06-02', 'Female', '30 Springs Hill', NULL, NULL, 2),
(363, 'Adela', 'Figure', '1993-08-03', 'Female', '6 Lakeland Lane', NULL, NULL, 2),
(364, 'Allyn', 'Broadis', '1979-09-08', 'Male', '5394 Macpherson Terrace', NULL, NULL, 2),
(365, 'Gerri', 'Tucker', '2004-09-20', 'Male', '2 Bonner Hill', NULL, NULL, 1),
(366, 'Robinette', 'Mathieu', '1980-11-13', 'Female', '6195 Fair Oaks Trail', NULL, NULL, 2),
(367, 'Donna', 'Mauger', '1972-09-28', 'Female', '6125 Marquette Alley', NULL, NULL, 3),
(368, 'Rubin', 'Clitheroe', '1978-05-19', 'Male', '82 Jenna Parkway', NULL, NULL, 2),
(369, 'Curcio', 'Limpricht', '1975-03-17', 'Male', '578 Washington Pass', NULL, NULL, 1),
(370, 'Chad', 'Plaister', '1983-08-03', 'Female', '81091 Northview Drive', NULL, NULL, 2),
(371, 'Brendan', 'Saltmarsh', '1988-08-20', 'Male', '75212 Dakota Park', NULL, NULL, 3),
(372, 'Gaylord', 'Nowak', '1993-06-16', 'Male', '9346 Muir Center', NULL, NULL, 3),
(373, 'Randy', 'Cleft', '1985-10-15', 'Female', '75 Hovde Circle', NULL, NULL, 3),
(374, 'Lanette', 'Darrigrand', '1996-09-02', 'Female', '1266 Butternut Terrace', NULL, NULL, 1),
(375, 'Glendon', 'Agus', '1988-03-23', 'Male', '21618 Summit Court', NULL, NULL, 2),
(376, 'Laird', 'Ingall', '2004-08-19', 'Male', '2070 Warrior Circle', NULL, NULL, 2),
(377, 'Guillermo', 'Darlison', '2005-02-27', 'Male', '765 Evergreen Lane', NULL, NULL, 3),
(378, 'Baxter', 'Fergusson', '2005-03-21', 'Male', '70211 Eagle Crest Parkway', NULL, NULL, 1),
(379, 'Flor', 'Ziehm', '1971-06-22', 'Female', '62 Utah Junction', NULL, NULL, 1),
(380, 'Farah', 'Tutchener', '1999-07-11', 'Female', '6 Moland Place', NULL, NULL, 1),
(381, 'Alyda', 'Smye', '1993-12-27', 'Female', '46 Dakota Pass', NULL, NULL, 2),
(382, 'Marwin', 'Nisuis', '1999-11-18', 'Male', '40357 Crescent Oaks Avenue', NULL, NULL, 3),
(383, 'Enrique', 'Gilmour', '1979-05-12', 'Male', '96253 Golf Course Street', NULL, NULL, 3),
(384, 'Ode', 'Teaz', '1987-01-09', 'Male', '396 Cardinal Center', NULL, NULL, 2),
(385, 'Filippa', 'Jeandon', '1993-03-20', 'Female', '3244 Alpine Terrace', NULL, NULL, 2),
(386, 'Kikelia', 'Yellep', '2005-06-28', 'Female', '84 Norway Maple Court', NULL, NULL, 1),
(387, 'Anatole', 'Baser', '1981-09-10', 'Male', '30 Acker Way', NULL, NULL, 2),
(388, 'Ermanno', 'Audas', '1972-07-24', 'Male', '71261 Meadow Vale Street', NULL, NULL, 2),
(389, 'Alejoa', 'Diddams', '1980-12-08', 'Male', '181 La Follette Point', NULL, NULL, 2),
(390, 'Cort', 'Arunowicz', '1992-10-08', 'Male', '6707 Portage Court', NULL, NULL, 1),
(391, 'Xena', 'Lumbers', '1999-11-01', 'Female', '07 Spenser Place', NULL, NULL, 1),
(392, 'Sophie', 'Deeman', '1971-12-19', 'Female', '56 Gale Park', NULL, NULL, 3),
(393, 'Aldon', 'Brugemann', '1983-12-16', 'Male', '47 Pierstorff Terrace', NULL, NULL, 3),
(394, 'Ellis', 'Geggus', '1983-12-05', 'Male', '4 Darwin Pass', NULL, NULL, 1),
(395, 'Joscelin', 'Faltin', '1980-02-10', 'Female', '844 Village Parkway', NULL, NULL, 2),
(396, 'Vivien', 'Allison', '2005-05-22', 'Female', '77 Tennyson Place', NULL, NULL, 3),
(397, 'Theo', 'Gertray', '1985-09-26', 'Male', '5 Lien Court', NULL, NULL, 1),
(398, 'Lilian', 'Jagger', '2002-06-20', 'Female', '506 Rowland Hill', NULL, NULL, 3),
(399, 'Harper', 'MacKay', '1980-03-15', 'Male', '759 Brickson Park Road', NULL, NULL, 3),
(400, 'Indira', 'Roskell', '1979-04-25', 'Female', '28 Thompson Junction', NULL, NULL, 1),
(401, 'Nicole', 'Soutar', '1989-06-30', 'Female', '897 Acker Center', NULL, NULL, 3),
(402, 'Hettie', 'Plackstone', '1987-03-10', 'Female', '18 Monument Point', NULL, NULL, 1),
(403, 'Vanya', 'Almack', '1982-05-27', 'Male', '89196 Menomonie Crossing', NULL, NULL, 1),
(404, 'Katherina', 'Mustoo', '1996-03-04', 'Female', '3 Carioca Road', NULL, NULL, 3),
(405, 'Adamo', 'Jeffreys', '1995-07-05', 'Male', '1 New Castle Way', NULL, NULL, 1),
(406, 'Arny', 'Mulholland', '2003-11-12', 'Male', '03 Magdeline Pass', NULL, NULL, 2),
(407, 'Darill', 'Silcock', '1985-04-10', 'Male', '42612 Westerfield Court', NULL, NULL, 3),
(408, 'Shaw', 'Myott', '1982-07-29', 'Male', '2528 Coolidge Terrace', NULL, NULL, 2),
(409, 'Gannie', 'Hillum', '1972-02-19', 'Male', '5453 Namekagon Circle', NULL, NULL, 2),
(410, 'North', 'Craigie', '1972-01-20', 'Male', '22362 Columbus Parkway', NULL, NULL, 1),
(411, 'Bette', 'Harrad', '1978-01-06', 'Female', '9 Nancy Drive', NULL, NULL, 1),
(412, 'Caitrin', 'Gasken', '2004-08-15', 'Female', '1593 Sachtjen Lane', NULL, NULL, 2),
(413, 'Megan', 'Esslement', '1981-10-04', 'Female', '0 Montana Drive', NULL, NULL, 2),
(414, 'Veriee', 'Donati', '1995-06-17', 'Female', '382 Westerfield Pass', NULL, NULL, 2),
(415, 'Devland', 'Flewan', '1987-07-17', 'Male', '94654 Dixon Center', NULL, NULL, 1),
(416, 'Liliane', 'Iddy', '1974-07-17', 'Female', '30 Lighthouse Bay Place', NULL, NULL, 2),
(417, 'Freida', 'Gahan', '1986-12-28', 'Female', '85 Scott Crossing', NULL, NULL, 1),
(418, 'Lilas', 'Cronchey', '1970-02-16', 'Female', '6 Drewry Trail', NULL, NULL, 3),
(419, 'Morgen', 'Bawle', '2005-12-02', 'Female', '5 Kennedy Alley', NULL, NULL, 2),
(420, 'Lynda', 'Overy', '1981-08-31', 'Female', '8126 Green Place', NULL, NULL, 1),
(421, 'Lissy', 'Luke', '1977-06-25', 'Female', '47021 Rigney Way', NULL, NULL, 3),
(422, 'Maurizia', 'Lowers', '2000-04-21', 'Female', '7389 Longview Point', NULL, NULL, 3),
(423, 'Filmore', 'Statersfield', '1976-09-07', 'Male', '659 Pepper Wood Alley', NULL, NULL, 1),
(424, 'Virgie', 'Gilbart', '1988-07-29', 'Male', '07343 Mayfield Avenue', NULL, NULL, 2),
(425, 'Kimmy', 'Kassel', '1972-08-29', 'Female', '016 Melody Crossing', NULL, NULL, 2),
(426, 'Lindsay', 'Aronsohn', '2005-07-30', 'Female', '00377 Bluestem Drive', NULL, NULL, 1),
(427, 'Ameline', 'Rosengart', '1982-12-31', 'Female', '008 Dakota Park', NULL, NULL, 2),
(428, 'Berget', 'Fowles', '1991-10-02', 'Female', '7 Carey Court', NULL, NULL, 2),
(429, 'Gib', 'Teresi', '1983-10-25', 'Male', '30178 Nelson Avenue', NULL, NULL, 2),
(430, 'Adelina', 'Winters', '1996-01-19', 'Female', '0731 Rusk Trail', NULL, NULL, 1),
(431, 'Ora', 'Reville', '2001-10-07', 'Female', '51372 Jenna Circle', NULL, NULL, 2),
(432, 'Brunhilde', 'Tatam', '1995-05-11', 'Female', '18958 Garrison Avenue', NULL, NULL, 1),
(433, 'Inigo', 'Braney', '2001-05-26', 'Male', '778 Butternut Road', NULL, NULL, 2),
(434, 'Trueman', 'Benck', '2005-11-03', 'Male', '7 Rowland Street', NULL, NULL, 1),
(435, 'Huberto', 'Olyonov', '1975-02-28', 'Male', '795 Grim Lane', NULL, NULL, 3),
(436, 'Aviva', 'Hembrow', '1973-11-18', 'Female', '47082 Rowland Plaza', NULL, NULL, 1),
(437, 'Janet', 'Shortell', '1994-04-08', 'Female', '50512 Ridge Oak Parkway', NULL, NULL, 1),
(438, 'Cissiee', 'Kinnin', '2003-03-28', 'Female', '69778 Merry Alley', NULL, NULL, 2),
(439, 'Veronique', 'Frith', '1979-09-15', 'Female', '5670 Anzinger Pass', NULL, NULL, 1),
(440, 'Vidovik', 'Gittins', '1973-10-12', 'Male', '4 Fulton Way', NULL, NULL, 2),
(441, 'Carleton', 'Currington', '1974-03-14', 'Male', '15 Mallard Court', NULL, NULL, 1),
(442, 'Joellyn', 'Kroin', '1986-03-22', 'Female', '365 Coolidge Alley', NULL, NULL, 3),
(443, 'Noble', 'Bakesef', '1975-06-21', 'Male', '62066 Sloan Park', NULL, NULL, 3),
(444, 'Mavis', 'Wright', '1982-04-30', 'Female', '81 Nova Junction', NULL, NULL, 1),
(445, 'Kilian', 'Dennidge', '1972-04-04', 'Male', '08 Petterle Parkway', NULL, NULL, 2),
(446, 'Giusto', 'Finlaison', '1982-02-21', 'Male', '5278 Killdeer Plaza', NULL, NULL, 3),
(447, 'Suzann', 'Rubenovic', '2005-07-20', 'Female', '784 Hovde Alley', NULL, NULL, 2),
(448, 'Asher', 'Foard', '1983-10-20', 'Male', '71454 Charing Cross Hill', NULL, NULL, 3),
(449, 'Forest', 'Murdie', '1992-01-18', 'Male', '1 Crownhardt Point', NULL, NULL, 1),
(450, 'Harmonia', 'Gulvin', '1985-01-25', 'Female', '76 7th Alley', NULL, NULL, 1),
(451, 'Camille', 'Muino', '1987-05-22', 'Female', '36 Union Trail', NULL, NULL, 3),
(452, 'Antony', 'Agate', '2000-02-05', 'Male', '17 Ryan Hill', NULL, NULL, 1),
(453, 'Con', 'D\'Ugo', '1998-07-09', 'Male', '68329 Victoria Junction', NULL, NULL, 3),
(454, 'Husain', 'Pache', '1998-08-02', 'Male', '35 Merry Pass', NULL, NULL, 1),
(455, 'Dalt', 'Codd', '1988-09-11', 'Male', '4844 Heffernan Drive', NULL, NULL, 1),
(456, 'Dennie', 'Oxford', '2003-10-17', 'Male', '8370 Thackeray Crossing', NULL, NULL, 3),
(457, 'James', 'Otley', '1970-02-08', 'Male', '33395 Hallows Parkway', NULL, NULL, 3),
(458, 'Hope', 'Dowderswell', '2005-05-14', 'Female', '09 Arapahoe Avenue', NULL, NULL, 2),
(459, 'Ophelie', 'Simmell', '2005-01-26', 'Female', '8163 Elka Parkway', NULL, NULL, 2),
(460, 'Kort', 'Hendriksen', '2003-11-05', 'Male', '937 Macpherson Road', NULL, NULL, 2),
(461, 'Nelson', 'Royall', '2000-03-09', 'Male', '7363 Lakewood Circle', NULL, NULL, 2),
(462, 'Arliene', 'Torritti', '1978-09-01', 'Female', '7 Farmco Crossing', NULL, NULL, 2),
(463, 'Aldrich', 'Kempston', '1980-06-07', 'Male', '06 Melrose Alley', NULL, NULL, 3),
(464, 'Tilda', 'McDougal', '1999-10-03', 'Female', '9709 Hoepker Street', NULL, NULL, 2),
(465, 'Tammie', 'Dyhouse', '2004-09-25', 'Female', '61 Fuller Drive', NULL, NULL, 2),
(466, 'Amelie', 'Traise', '2004-05-07', 'Female', '01 Donald Lane', NULL, NULL, 3),
(467, 'Leo', 'Geillier', '1998-06-21', 'Male', '26452 Lindbergh Drive', NULL, NULL, 2),
(468, 'Maisie', 'Lawlings', '1996-08-07', 'Female', '85037 Delladonna Road', NULL, NULL, 2),
(469, 'Gusta', 'Ferry', '1978-06-30', 'Female', '8 Thackeray Alley', NULL, NULL, 2),
(470, 'Milt', 'Loseke', '1974-08-09', 'Male', '665 Cody Alley', NULL, NULL, 2),
(471, 'Alica', 'McColm', '1973-03-31', 'Female', '22809 Morningstar Crossing', NULL, NULL, 2),
(472, 'Garry', 'Habbeshaw', '1981-01-07', 'Male', '7932 David Park', NULL, NULL, 3),
(473, 'Beth', 'Bambrick', '1983-10-27', 'Female', '419 Duke Road', NULL, NULL, 3),
(474, 'Whitney', 'Duncan', '2003-05-24', 'Female', '72931 Marcy Park', NULL, NULL, 2),
(475, 'Arin', 'Itzkovwich', '1972-03-23', 'Male', '86 Caliangt Hill', NULL, NULL, 2),
(476, 'Shelli', 'McParlin', '2000-03-07', 'Female', '78 Reindahl Drive', NULL, NULL, 3),
(477, 'Eva', 'Anchor', '1977-04-03', 'Female', '1 Crownhardt Avenue', NULL, NULL, 3),
(478, 'Iggie', 'Lafford', '1973-01-13', 'Male', '00 Northport Drive', NULL, NULL, 3),
(479, 'Florida', 'O\'Garmen', '1976-12-23', 'Female', '4486 Steensland Crossing', NULL, NULL, 1),
(480, 'Vivyan', 'Mannin', '1992-11-07', 'Female', '20 Armistice Crossing', NULL, NULL, 1),
(481, 'Marybelle', 'Stather', '1982-04-12', 'Female', '39946 Fallview Court', NULL, NULL, 1),
(482, 'Leodora', 'Goldsworthy', '1988-08-11', 'Female', '08579 Mesta Way', NULL, NULL, 2),
(483, 'Thomasa', 'McKernan', '1997-08-06', 'Female', '4710 Prentice Alley', NULL, NULL, 2),
(484, 'Xever', 'Purkis', '1976-07-30', 'Male', '918 Arkansas Drive', NULL, NULL, 3),
(485, 'Brennan', 'Roizn', '1991-05-30', 'Male', '77 Anhalt Parkway', NULL, NULL, 1),
(486, 'Parker', 'Bortolazzi', '1971-11-03', 'Male', '801 Holmberg Road', NULL, NULL, 2),
(487, 'Verne', 'Bullivant', '1997-07-06', 'Male', '619 Oxford Park', NULL, NULL, 1),
(488, 'Jarret', 'Tarbin', '1995-07-04', 'Male', '24101 Hoepker Circle', NULL, NULL, 2),
(489, 'Kaitlynn', 'Leeming', '1984-05-22', 'Female', '04 Maywood Trail', NULL, NULL, 1),
(490, 'Orland', 'Wyeth', '1972-07-11', 'Male', '798 Park Meadow Point', NULL, NULL, 1),
(491, 'Sabrina', 'Setch', '1988-01-15', 'Female', '905 Hooker Junction', NULL, NULL, 2),
(492, 'Ezri', 'Stout', '1986-08-16', 'Male', '597 Autumn Leaf Avenue', NULL, NULL, 1),
(493, 'Hermon', 'Jakucewicz', '1972-10-28', 'Male', '29574 Northwestern Way', NULL, NULL, 3),
(494, 'Dick', 'Dyka', '1977-10-19', 'Male', '4 Hansons Crossing', NULL, NULL, 1),
(495, 'Pippa', 'Gillinghams', '1981-11-06', 'Female', '0 High Crossing Center', NULL, NULL, 1),
(496, 'Sybyl', 'Cheng', '1976-02-28', 'Female', '23140 Morningstar Place', NULL, NULL, 3),
(497, 'Westleigh', 'Bean', '1986-04-05', 'Male', '2731 Pearson Point', NULL, NULL, 1),
(498, 'Cyril', 'McLise', '1975-11-27', 'Male', '9207 International Road', NULL, NULL, 1),
(499, 'Roxanna', 'Forgan', '1973-06-18', 'Female', '31442 Elmside Plaza', NULL, NULL, 3),
(500, 'Mabelle', 'Villa', '1979-06-04', 'Female', '8 Lindbergh Parkway', NULL, NULL, 3),
(501, 'Lyda', 'Lineen', '1987-11-09', 'Female', '2 Kipling Drive', NULL, NULL, 1),
(502, 'Morley', 'Magson', '2001-10-05', 'Male', '0 Fairview Place', NULL, NULL, 2),
(503, 'Demetra', 'Stenton', '2002-09-05', 'Female', '67582 Stuart Terrace', NULL, NULL, 2),
(504, 'Milzie', 'Favell', '1979-04-05', 'Female', '87 Brentwood Circle', NULL, NULL, 1),
(505, 'Amabel', 'Espy', '2003-08-12', 'Female', '3696 Ludington Point', NULL, NULL, 3),
(506, 'Claude', 'Spaldin', '1993-12-03', 'Female', '8688 Esker Lane', NULL, NULL, 3),
(507, 'Danny', 'de Broke', '1992-12-28', 'Female', '810 Barby Terrace', NULL, NULL, 3),
(508, 'Rubetta', 'Padmore', '1970-02-26', 'Female', '733 Linden Park', NULL, NULL, 2),
(509, 'Derry', 'O\'Gleasane', '1992-05-21', 'Male', '4 Melrose Road', NULL, NULL, 3),
(510, 'Maxie', 'Gamon', '1999-06-24', 'Female', '5 Forest Dale Avenue', NULL, NULL, 2),
(511, 'Haze', 'Ricketts', '1971-03-21', 'Male', '58324 Corben Terrace', NULL, NULL, 3),
(512, 'Olenka', 'Bolitho', '1975-10-06', 'Female', '24 Marquette Hill', NULL, NULL, 2),
(513, 'Lilli', 'Dunkley', '2003-01-02', 'Female', '5 Lukken Point', NULL, NULL, 2),
(514, 'Yule', 'Bucknell', '1988-01-23', 'Male', '87850 Bay Avenue', NULL, NULL, 1),
(515, 'Dietrich', 'Colecrough', '1971-05-23', 'Male', '4 Northfield Crossing', NULL, NULL, 1),
(516, 'Neilla', 'Spurway', '1994-07-24', 'Female', '42 4th Parkway', NULL, NULL, 3),
(517, 'Ferd', 'McCarry', '1975-06-30', 'Male', '70 Weeping Birch Alley', NULL, NULL, 1),
(518, 'Ram', 'Dyhouse', '1995-07-01', 'Male', '49725 Bowman Hill', NULL, NULL, 1),
(519, 'Andee', 'Goane', '2000-06-21', 'Female', '716 Forest Run Pass', NULL, NULL, 1),
(520, 'Celene', 'Acton', '1999-05-05', 'Female', '505 Dorton Terrace', NULL, NULL, 1),
(521, 'Hoebart', 'Searight', '1983-05-25', 'Male', '15 Straubel Street', NULL, NULL, 1),
(522, 'Magdaia', 'Busst', '1976-08-30', 'Female', '8 Ridgeview Road', NULL, NULL, 3),
(523, 'Hall', 'Merrilees', '1986-12-12', 'Male', '4461 Colorado Park', NULL, NULL, 3),
(524, 'Christy', 'Corpe', '1995-03-22', 'Male', '19547 Pennsylvania Junction', NULL, NULL, 1),
(525, 'Benny', 'Matantsev', '1979-09-04', 'Female', '20261 Namekagon Trail', NULL, NULL, 2),
(526, 'Kameko', 'Heilds', '1973-04-05', 'Female', '8 Wayridge Hill', NULL, NULL, 2),
(527, 'Ogden', 'Bentinck', '1990-12-01', 'Male', '98 Warrior Parkway', NULL, NULL, 3),
(528, 'Bendick', 'Reisenstein', '1994-10-06', 'Male', '436 Carberry Parkway', NULL, NULL, 2),
(529, 'Richart', 'Selley', '1977-08-26', 'Male', '41053 Evergreen Street', NULL, NULL, 1),
(530, 'Ashley', 'Biddles', '1978-05-24', 'Female', '6604 Leroy Trail', NULL, NULL, 1),
(531, 'Krystalle', 'Biskup', '2003-10-17', 'Female', '48 Fordem Pass', NULL, NULL, 2),
(532, 'Maggie', 'Philips', '1983-06-11', 'Female', '5811 Mccormick Crossing', NULL, NULL, 2),
(533, 'Kermit', 'Spurrier', '1978-11-17', 'Male', '5863 Drewry Center', NULL, NULL, 2),
(534, 'Perle', 'Downey', '1979-08-11', 'Female', '7947 Weeping Birch Lane', NULL, NULL, 3),
(535, 'Alfred', 'Birrane', '1975-11-12', 'Male', '67 Kinsman Terrace', NULL, NULL, 3),
(536, 'Abie', 'McKibben', '2001-07-30', 'Male', '6884 Hovde Alley', NULL, NULL, 3),
(537, 'Francis', 'Grestie', '1981-01-20', 'Male', '8255 Manitowish Pass', NULL, NULL, 1),
(538, 'Lilli', 'Lindl', '2002-03-30', 'Female', '306 Fairfield Way', NULL, NULL, 2),
(539, 'Ofilia', 'Griffey', '2003-07-03', 'Female', '323 Dixon Alley', NULL, NULL, 3),
(540, 'Reginauld', 'Gorden', '1997-07-10', 'Male', '6623 Iowa Alley', NULL, NULL, 3),
(541, 'Myriam', 'Geach', '1990-05-04', 'Female', '7879 Hanover Court', NULL, NULL, 2),
(542, 'Ilka', 'Meins', '1987-06-29', 'Female', '3 Springview Avenue', NULL, NULL, 1),
(543, 'Lynnea', 'Dinsale', '1998-08-21', 'Female', '3 Marcy Park', NULL, NULL, 2),
(544, 'Charleen', 'Scullard', '1993-09-11', 'Female', '556 Independence Parkway', NULL, NULL, 3),
(545, 'Kristin', 'Jepson', '1982-08-21', 'Female', '1490 Sundown Crossing', NULL, NULL, 1),
(546, 'Domingo', 'Kleewein', '1972-12-23', 'Male', '430 Raven Road', NULL, NULL, 1),
(547, 'Trude', 'Eronie', '1977-01-08', 'Female', '74151 Shopko Way', NULL, NULL, 3),
(548, 'Dewitt', 'Trewartha', '1993-07-20', 'Male', '6 Chive Court', NULL, NULL, 2),
(549, 'Alvie', 'Chaudrelle', '1992-03-27', 'Male', '3 Dennis Center', NULL, NULL, 3),
(550, 'Hetty', 'Duxbury', '1979-06-14', 'Female', '9126 Mcbride Trail', NULL, NULL, 1),
(551, 'Heddi', 'Jakovijevic', '1981-08-03', 'Female', '4 Bonner Street', NULL, NULL, 1),
(552, 'Barnie', 'Paulig', '2001-01-26', 'Male', '238 Dapin Street', NULL, NULL, 2),
(553, 'Linette', 'Pauel', '1994-11-15', 'Female', '66 Becker Place', NULL, NULL, 1),
(554, 'Marya', 'Cranstone', '2005-11-07', 'Female', '382 Dahle Junction', NULL, NULL, 2),
(555, 'Rickey', 'Limpricht', '1988-02-03', 'Male', '4 Bluejay Circle', NULL, NULL, 1),
(556, 'Hester', 'Browett', '1975-06-13', 'Female', '85 Mesta Trail', NULL, NULL, 1),
(557, 'Marcellus', 'Juszczak', '1986-08-23', 'Male', '76 Northview Way', NULL, NULL, 1),
(558, 'Christy', 'Shippey', '1989-04-23', 'Female', '9564 Transport Way', NULL, NULL, 3),
(559, 'Northrop', 'West-Frimley', '1983-06-12', 'Male', '9982 Fuller Way', NULL, NULL, 1),
(560, 'Leta', 'Bonnett', '1994-10-09', 'Female', '6 Starling Pass', NULL, NULL, 1),
(561, 'Ortensia', 'Capel', '2000-08-02', 'Female', '110 Hauk Circle', NULL, NULL, 3),
(562, 'Oriana', 'Whatley', '1976-05-28', 'Female', '53 Armistice Court', NULL, NULL, 1),
(563, 'Nadya', 'Lomath', '1981-09-22', 'Female', '56 Dryden Pass', NULL, NULL, 2),
(564, 'Bradley', 'Hardwick', '1970-01-28', 'Male', '6 Corry Pass', NULL, NULL, 3),
(565, 'Madge', 'Boik', '2000-07-29', 'Female', '4509 Crownhardt Road', NULL, NULL, 3),
(566, 'Bianka', 'Bircher', '2004-08-27', 'Female', '422 Corben Road', NULL, NULL, 1),
(567, 'Heindrick', 'Arthan', '1980-02-05', 'Male', '752 Sherman Crossing', NULL, NULL, 1),
(568, 'Leonid', 'Asel', '1989-08-03', 'Male', '18811 Summerview Terrace', NULL, NULL, 1),
(569, 'Luci', 'Langcaster', '1989-08-14', 'Female', '8650 7th Junction', NULL, NULL, 1),
(570, 'Sophia', 'Renn', '1995-06-10', 'Female', '3 Sage Road', NULL, NULL, 3),
(571, 'Finlay', 'Westley', '1986-09-06', 'Male', '0 Petterle Way', NULL, NULL, 1),
(572, 'Alleen', 'Laverenz', '1978-12-29', 'Female', '5089 Forest Run Center', NULL, NULL, 3),
(573, 'Ronnie', 'Colville', '1981-12-11', 'Male', '352 Dahle Point', NULL, NULL, 3),
(574, 'Sansone', 'Kovalski', '1998-05-22', 'Male', '14969 Holmberg Hill', NULL, NULL, 3),
(575, 'Randa', 'Scrogges', '1978-11-01', 'Female', '2882 Reindahl Hill', NULL, NULL, 1),
(576, 'Linnie', 'Irvine', '1971-01-08', 'Female', '93555 Dovetail Circle', NULL, NULL, 2),
(577, 'Dana', 'Nollet', '2002-01-03', 'Male', '493 Hoard Hill', NULL, NULL, 1),
(578, 'Ingmar', 'Kares', '1970-05-05', 'Male', '6945 Westerfield Way', NULL, NULL, 2),
(579, 'Gustie', 'Toal', '1995-01-22', 'Female', '06950 Talmadge Junction', NULL, NULL, 1),
(580, 'Wilone', 'Channing', '1978-09-08', 'Female', '450 Namekagon Court', NULL, NULL, 2),
(581, 'Bonnee', 'Fishly', '2000-04-13', 'Female', '7 Sunfield Trail', NULL, NULL, 3);
INSERT INTO `Usuario` (`id`, `nombre`, `apellido`, `fecha_nacimiento`, `genero`, `direccion`, `datos_importantes`, `unidad_de_convivencia`, `id_localizacion`) VALUES
(582, 'Kore', 'McConnel', '1976-08-24', 'Female', '26 Petterle Place', NULL, NULL, 2),
(583, 'Ramsey', 'Reaman', '1971-12-30', 'Male', '0155 Manufacturers Center', NULL, NULL, 2),
(584, 'Oswell', 'Bishop', '1995-11-23', 'Male', '9 Messerschmidt Hill', NULL, NULL, 1),
(585, 'Bordy', 'Sevin', '1974-12-03', 'Male', '9567 Autumn Leaf Way', NULL, NULL, 2),
(586, 'Yorke', 'Poletto', '2004-11-18', 'Male', '97 Sugar Avenue', NULL, NULL, 3),
(587, 'Zach', 'Lethardy', '1970-06-09', 'Male', '97771 Transport Lane', NULL, NULL, 3),
(588, 'Annabell', 'Birdwhistell', '1984-04-12', 'Female', '33 Myrtle Point', NULL, NULL, 2),
(589, 'Evie', 'Phettiplace', '1992-03-15', 'Female', '0095 Butterfield Drive', NULL, NULL, 3),
(590, 'Bevan', 'Iacobucci', '1981-04-07', 'Male', '27718 Derek Point', NULL, NULL, 3),
(591, 'Octavius', 'Sterman', '1995-10-28', 'Male', '1 Gateway Place', NULL, NULL, 2),
(592, 'Sheppard', 'Linfoot', '1995-12-02', 'Male', '72911 Sunfield Center', NULL, NULL, 1),
(593, 'Lonnie', 'Sharvell', '1998-02-04', 'Male', '7611 Menomonie Pass', NULL, NULL, 1),
(594, 'Barrett', 'Petrishchev', '1999-12-28', 'Male', '2844 Forest Junction', NULL, NULL, 3),
(595, 'Dex', 'Sobczak', '1986-07-31', 'Male', '7456 Russell Park', NULL, NULL, 3),
(596, 'Franciskus', 'Pechan', '1979-07-28', 'Male', '8001 East Court', NULL, NULL, 1),
(597, 'Merry', 'Ellacott', '1985-03-10', 'Female', '5 Old Gate Park', NULL, NULL, 3),
(598, 'Yanaton', 'McDell', '1992-06-25', 'Male', '609 Warbler Park', NULL, NULL, 1),
(599, 'Currey', 'Di Biasi', '1979-11-03', 'Male', '977 Becker Pass', NULL, NULL, 1),
(600, 'Tadio', 'Basilone', '1999-08-31', 'Male', '5039 Acker Plaza', NULL, NULL, 2),
(601, 'Wileen', 'Wankel', '1972-12-24', 'Female', '2 Bonner Point', NULL, NULL, 1),
(602, 'Garrard', 'Sidon', '1989-06-18', 'Male', '66 Columbus Hill', NULL, NULL, 2),
(603, 'Sauveur', 'Lochead', '1997-02-05', 'Male', '6458 Bunker Hill Crossing', NULL, NULL, 3),
(604, 'Creight', 'Coppledike', '1981-04-22', 'Male', '45 Schlimgen Way', NULL, NULL, 1),
(605, 'Ikey', 'Oddie', '1982-09-01', 'Male', '20 Mayfield Road', NULL, NULL, 3),
(606, 'Gaston', 'Grenville', '1973-04-28', 'Male', '5 Morrow Alley', NULL, NULL, 3),
(607, 'Ansel', 'Crayker', '2001-09-08', 'Male', '48 Birchwood Plaza', NULL, NULL, 3),
(608, 'Axel', 'Growcock', '1994-04-21', 'Male', '13 Anderson Pass', NULL, NULL, 3),
(609, 'Karie', 'Bradnocke', '1977-10-25', 'Female', '0 Independence Center', NULL, NULL, 1),
(610, 'Fons', 'Brayley', '1991-10-10', 'Male', '6237 Bayside Center', NULL, NULL, 1),
(611, 'Ailis', 'Hayers', '2000-06-18', 'Female', '1630 West Way', NULL, NULL, 2),
(612, 'Analiese', 'Tabour', '1987-06-01', 'Female', '58306 Arrowood Parkway', NULL, NULL, 2),
(613, 'Gian', 'Ornelas', '1990-11-09', 'Male', '44 Scott Circle', NULL, NULL, 1),
(614, 'Gracia', 'Isted', '1970-02-18', 'Female', '0 Melrose Way', NULL, NULL, 1),
(615, 'Sheila', 'Cowl', '1984-04-17', 'Female', '93 Myrtle Lane', NULL, NULL, 1),
(616, 'Muriel', 'Althorpe', '1982-11-12', 'Female', '209 Myrtle Trail', NULL, NULL, 1),
(617, 'Karrah', 'Roja', '1991-11-14', 'Female', '21 8th Court', NULL, NULL, 1),
(618, 'Rose', 'Bysouth', '1985-01-24', 'Female', '634 Butterfield Terrace', NULL, NULL, 1),
(619, 'Bret', 'Inglese', '1979-10-25', 'Male', '919 Northfield Place', NULL, NULL, 2),
(620, 'Pippo', 'Wealthall', '1996-07-05', 'Male', '542 Eastlawn Drive', NULL, NULL, 1),
(621, 'Regen', 'Atcock', '1981-05-14', 'Male', '4 Monica Court', NULL, NULL, 3),
(622, 'Reed', 'Gregoretti', '1984-07-06', 'Male', '3727 Pawling Street', NULL, NULL, 1),
(623, 'Karine', 'Lent', '1993-08-13', 'Female', '42547 Park Meadow Point', NULL, NULL, 1),
(624, 'Arluene', 'Doley', '1979-06-15', 'Female', '75802 Kennedy Crossing', NULL, NULL, 2),
(625, 'Catina', 'Crucetti', '1985-07-31', 'Female', '096 Meadow Vale Pass', NULL, NULL, 1),
(626, 'Jakie', 'Mansell', '1988-12-25', 'Male', '8 Eagle Crest Avenue', NULL, NULL, 2),
(627, 'Wit', 'Lapree', '1980-04-05', 'Male', '940 Portage Plaza', NULL, NULL, 1),
(628, 'Obadias', 'Boshere', '2003-12-23', 'Male', '586 Randy Drive', NULL, NULL, 2),
(629, 'Delila', 'Enga', '1989-12-12', 'Female', '610 Macpherson Terrace', NULL, NULL, 3),
(630, 'Norby', 'Lindberg', '2004-04-25', 'Male', '67088 Monica Trail', NULL, NULL, 1),
(631, 'Ardys', 'Rhymes', '1992-01-27', 'Female', '1 Sutherland Parkway', NULL, NULL, 3),
(632, 'Allie', 'Tatton', '1980-06-30', 'Female', '77861 Anniversary Drive', NULL, NULL, 2),
(633, 'Katuscha', 'Maxwaile', '1972-09-05', 'Female', '26622 Susan Court', NULL, NULL, 2),
(634, 'Kalil', 'Bestwick', '1989-12-09', 'Male', '5882 Crownhardt Street', NULL, NULL, 3),
(635, 'Doreen', 'Clever', '1992-02-25', 'Female', '66 Forest Way', NULL, NULL, 1),
(636, 'Yule', 'Wellbank', '1993-11-24', 'Male', '6558 Anzinger Plaza', NULL, NULL, 1),
(637, 'Danella', 'Ricketts', '1993-09-18', 'Female', '324 Cardinal Court', NULL, NULL, 1),
(638, 'Hermann', 'Jacques', '2003-06-21', 'Male', '427 Pankratz Plaza', NULL, NULL, 3),
(639, 'Nicky', 'Breit', '1985-10-13', 'Male', '34 Heffernan Terrace', NULL, NULL, 1),
(640, 'Ester', 'Fermoy', '1992-01-20', 'Female', '95462 Arizona Plaza', NULL, NULL, 1),
(641, 'Travers', 'Whittuck', '1988-04-30', 'Male', '8 Mallory Trail', NULL, NULL, 2),
(642, 'Pammy', 'de Cullip', '1996-02-10', 'Female', '7 Annamark Avenue', NULL, NULL, 2),
(643, 'Kaitlyn', 'Pinhorn', '1991-04-16', 'Female', '62 East Avenue', NULL, NULL, 1),
(644, 'Waylon', 'di Rocca', '1995-04-12', 'Male', '453 Pennsylvania Circle', NULL, NULL, 2),
(645, 'Donetta', 'Brisard', '1995-05-14', 'Female', '94966 Fallview Trail', NULL, NULL, 1),
(646, 'Gaylor', 'Lant', '1992-07-25', 'Male', '0105 Pine View Drive', NULL, NULL, 2),
(647, 'Rosabella', 'Parr', '1970-06-06', 'Female', '8 Homewood Place', NULL, NULL, 1),
(648, 'Britta', 'Cope', '1985-03-09', 'Female', '409 Kensington Place', NULL, NULL, 2),
(649, 'Allin', 'Wetherell', '1980-04-01', 'Male', '864 Florence Plaza', NULL, NULL, 1),
(650, 'Caesar', 'Slixby', '1972-12-02', 'Male', '25403 Waxwing Way', NULL, NULL, 2),
(651, 'Riordan', 'Frazer', '1970-04-05', 'Male', '6 Jenna Hill', NULL, NULL, 3),
(652, 'Gerrard', 'Daulby', '1978-10-11', 'Male', '54 Hollow Ridge Place', NULL, NULL, 1),
(653, 'Wynny', 'Mathison', '1978-10-10', 'Female', '1 Fisk Plaza', NULL, NULL, 1),
(654, 'Lanni', 'Hurring', '2002-01-02', 'Female', '828 Oneill Center', NULL, NULL, 2),
(655, 'Lianne', 'Killich', '2003-04-27', 'Female', '9 Rowland Park', NULL, NULL, 3),
(656, 'Becca', 'Leed', '1984-10-28', 'Female', '86 Debra Street', NULL, NULL, 1),
(657, 'Shirleen', 'Pavis', '1970-08-04', 'Female', '72 Harbort Hill', NULL, NULL, 1),
(658, 'Stephana', 'Fidal', '1990-12-06', 'Female', '0119 Granby Drive', NULL, NULL, 2),
(659, 'Petronia', 'Bartoszewicz', '1977-05-04', 'Female', '8298 Transport Parkway', NULL, NULL, 1),
(660, 'Niko', 'Nelsen', '1994-10-14', 'Male', '4 Delaware Crossing', NULL, NULL, 2),
(661, 'Conway', 'Ohms', '1988-06-09', 'Male', '9 Weeping Birch Drive', NULL, NULL, 2),
(662, 'Fionna', 'Jansik', '2005-12-06', 'Female', '28091 Jackson Crossing', NULL, NULL, 3),
(663, 'Mead', 'Giggs', '1993-09-21', 'Male', '1 Fuller Circle', NULL, NULL, 3),
(664, 'Kristoforo', 'Jeary', '1978-04-14', 'Male', '863 Hoepker Place', NULL, NULL, 2),
(665, 'Gregor', 'Brittle', '1984-10-02', 'Male', '9015 Logan Lane', NULL, NULL, 1),
(666, 'Rafe', 'O\'Hickee', '1987-01-18', 'Male', '2649 Algoma Crossing', NULL, NULL, 1),
(667, 'Freda', 'Sier', '1981-08-12', 'Female', '0 Karstens Street', NULL, NULL, 1),
(668, 'Rosene', 'Waterhouse', '1973-01-01', 'Female', '2817 Fordem Street', NULL, NULL, 1),
(669, 'Hesther', 'Giannassi', '1991-10-03', 'Female', '70556 Red Cloud Drive', NULL, NULL, 1),
(670, 'Nichole', 'Soggee', '1984-12-10', 'Female', '45345 Mayer Center', NULL, NULL, 3),
(671, 'Freemon', 'Mussen', '1994-01-08', 'Male', '3567 Barnett Lane', NULL, NULL, 3),
(672, 'Ichabod', 'Skamell', '2001-06-25', 'Male', '61244 2nd Pass', NULL, NULL, 1),
(673, 'Amandie', 'Champney', '2001-04-09', 'Female', '297 Sycamore Lane', NULL, NULL, 3),
(674, 'Antone', 'Collingwood', '1989-01-02', 'Male', '2713 Del Sol Crossing', NULL, NULL, 3),
(675, 'Adel', 'Mugleston', '1998-02-03', 'Female', '5 Stuart Hill', NULL, NULL, 1),
(676, 'Mario', 'Jacqueme', '1998-07-04', 'Male', '1940 Clyde Gallagher Plaza', NULL, NULL, 3),
(677, 'Barby', 'Pointin', '1973-08-21', 'Female', '135 Bluestem Place', NULL, NULL, 1),
(678, 'Patrica', 'Spearman', '1980-06-03', 'Female', '3 Mendota Park', NULL, NULL, 3),
(679, 'Hailey', 'Ingold', '1999-02-24', 'Male', '58462 Vera Court', NULL, NULL, 3),
(680, 'Tabatha', 'O\'Fairy', '1991-11-10', 'Female', '5 Sherman Road', NULL, NULL, 2),
(681, 'Odetta', 'Cassely', '1978-07-22', 'Female', '235 Duke Point', NULL, NULL, 1),
(682, 'Kelley', 'Abel', '1979-04-23', 'Female', '79 Express Crossing', NULL, NULL, 1),
(683, 'Owen', 'Emmert', '1981-12-24', 'Male', '3622 Alpine Alley', NULL, NULL, 1),
(684, 'Jarrid', 'Gaine', '1997-03-02', 'Male', '67637 Vera Pass', NULL, NULL, 1),
(685, 'Mallory', 'Hinrich', '1991-06-05', 'Male', '4 Eagan Road', NULL, NULL, 1),
(686, 'Kimmi', 'Baton', '1986-11-19', 'Female', '919 Dixon Plaza', NULL, NULL, 1),
(687, 'Clem', 'Heddon', '2002-09-26', 'Male', '753 Lindbergh Road', NULL, NULL, 1),
(688, 'Wilbert', 'Voller', '1991-01-02', 'Male', '57990 Jay Lane', NULL, NULL, 2),
(689, 'Lizzy', 'Cartin', '1991-02-17', 'Female', '11567 Grim Parkway', NULL, NULL, 1),
(690, 'Tannie', 'Bovis', '2002-08-14', 'Male', '864 Twin Pines Hill', NULL, NULL, 2),
(691, 'Jodi', 'Baine', '2002-01-15', 'Male', '2 Green Road', NULL, NULL, 1),
(692, 'Deeann', 'Goudge', '1977-05-22', 'Female', '070 Laurel Trail', NULL, NULL, 2),
(693, 'Free', 'Bleything', '1999-06-17', 'Male', '60948 Moulton Point', NULL, NULL, 2),
(694, 'Phoebe', 'Faill', '1991-06-07', 'Female', '319 Gerald Circle', NULL, NULL, 1),
(695, 'Jeno', 'Rennels', '1997-04-20', 'Male', '186 Fairview Hill', NULL, NULL, 2),
(696, 'Kata', 'Lehrer', '1999-12-24', 'Female', '4 Algoma Pass', NULL, NULL, 1),
(697, 'Heidi', 'Newns', '1998-11-09', 'Female', '12 Park Meadow Point', NULL, NULL, 3),
(698, 'Wilton', 'Danielli', '1990-10-28', 'Male', '71275 Northwestern Plaza', NULL, NULL, 1),
(699, 'Sig', 'Sketcher', '1996-09-03', 'Male', '1445 Schurz Point', NULL, NULL, 1),
(700, 'Tova', 'Tuffs', '1981-06-20', 'Female', '00 Clemons Pass', NULL, NULL, 3),
(701, 'Derek', 'Rignall', '2004-01-12', 'Male', '546 Sugar Court', NULL, NULL, 2),
(702, 'Mayne', 'Doodson', '1982-03-06', 'Male', '58 Green Ridge Drive', NULL, NULL, 2),
(703, 'Jareb', 'Covotto', '1979-12-01', 'Male', '13 Bashford Alley', NULL, NULL, 1),
(704, 'Renaldo', 'Peegrem', '1999-08-26', 'Male', '569 Lakewood Gardens Terrace', NULL, NULL, 2),
(705, 'Darbie', 'Moubray', '1981-11-09', 'Female', '6 Alpine Street', NULL, NULL, 1),
(706, 'Sebastian', 'Bilson', '1980-08-04', 'Male', '8 Trailsway Terrace', NULL, NULL, 3),
(707, 'Early', 'Tomaszkiewicz', '1984-07-26', 'Male', '4 5th Place', NULL, NULL, 2),
(708, 'Ulrikaumeko', 'Coleborn', '1982-03-25', 'Female', '0098 Dawn Hill', NULL, NULL, 3),
(709, 'Lari', 'Landeaux', '1973-09-17', 'Female', '727 Anhalt Avenue', NULL, NULL, 3),
(710, 'Joleen', 'Battle', '2003-08-25', 'Female', '326 Dovetail Street', NULL, NULL, 1),
(711, 'Horacio', 'Crinkley', '2003-05-19', 'Male', '56889 Gateway Trail', NULL, NULL, 3),
(712, 'Josias', 'Alvis', '1996-03-23', 'Male', '72 Twin Pines Road', NULL, NULL, 2),
(713, 'Bertie', 'Demsey', '2000-06-21', 'Male', '88 Mccormick Court', NULL, NULL, 2),
(714, 'Darla', 'Kitcher', '1979-04-02', 'Female', '9 Everett Point', NULL, NULL, 1),
(715, 'Gayel', 'McCool', '1992-09-03', 'Female', '6921 Pankratz Street', NULL, NULL, 2),
(716, 'Marshall', 'Alekseev', '1977-02-05', 'Male', '74 Dunning Way', NULL, NULL, 2),
(717, 'Kym', 'Cain', '2001-08-06', 'Female', '73 Larry Place', NULL, NULL, 2),
(718, 'Frants', 'Skerman', '1972-08-04', 'Male', '27243 Clove Park', NULL, NULL, 3),
(719, 'Deeanne', 'Kunisch', '1983-09-04', 'Female', '22249 Fremont Junction', NULL, NULL, 3),
(720, 'Evy', 'Dyball', '1990-12-31', 'Female', '9 Ludington Alley', NULL, NULL, 2),
(721, 'Ruthie', 'Killner', '1986-07-05', 'Female', '65 Westend Way', NULL, NULL, 3),
(722, 'Wylma', 'Pyner', '1999-01-23', 'Female', '12 Mifflin Road', NULL, NULL, 1),
(723, 'Mildrid', 'Spillman', '1981-10-03', 'Female', '13 Del Sol Road', NULL, NULL, 2),
(724, 'Cherilyn', 'Tompkin', '2000-10-13', 'Female', '05684 Di Loreto Hill', NULL, NULL, 2),
(725, 'Claudius', 'Windibank', '1981-01-07', 'Male', '0436 Artisan Place', NULL, NULL, 3),
(726, 'Pavia', 'Gercken', '1987-04-19', 'Female', '366 Becker Road', NULL, NULL, 1),
(727, 'Gayleen', 'Vamplers', '1979-10-29', 'Female', '00926 Fuller Parkway', NULL, NULL, 2),
(728, 'Prinz', 'Iliff', '1975-11-25', 'Male', '1 Union Park', NULL, NULL, 2),
(729, 'Quinton', 'Olek', '1990-05-07', 'Male', '45 Carey Court', NULL, NULL, 3),
(730, 'Oliy', 'Seakin', '1977-11-01', 'Female', '689 Fieldstone Circle', NULL, NULL, 1),
(731, 'Amata', 'Swane', '1987-02-22', 'Female', '873 Glacier Hill Point', NULL, NULL, 2),
(732, 'Giusto', 'Plews', '1987-12-06', 'Male', '5125 Forest Dale Street', NULL, NULL, 3),
(733, 'Shantee', 'Vinecombe', '1976-09-18', 'Female', '8 Warbler Junction', NULL, NULL, 2),
(734, 'Hendrick', 'Shurmore', '1979-01-23', 'Male', '659 Grasskamp Terrace', NULL, NULL, 3),
(735, 'Shayne', 'Callaway', '1970-08-26', 'Male', '891 Blue Bill Park Center', NULL, NULL, 1),
(736, 'Noam', 'Sidon', '1979-09-25', 'Male', '104 Leroy Court', NULL, NULL, 1),
(737, 'Pietro', 'Carberry', '1993-01-09', 'Male', '10924 Rockefeller Park', NULL, NULL, 1),
(738, 'Clemmie', 'Dyne', '1973-10-01', 'Male', '2744 Sutteridge Drive', NULL, NULL, 1),
(739, 'Hayes', 'Mac Giolla Pheadair', '1997-05-03', 'Male', '1 Oriole Terrace', NULL, NULL, 2),
(740, 'Nathaniel', 'Baynam', '1985-09-16', 'Male', '15586 Transport Parkway', NULL, NULL, 3),
(741, 'Worden', 'D\'Elia', '1990-01-08', 'Male', '13265 Mitchell Court', NULL, NULL, 3),
(742, 'Rora', 'Scemp', '1996-03-08', 'Female', '35880 Gateway Court', NULL, NULL, 3),
(743, 'Billye', 'Trice', '1970-12-31', 'Female', '01 Butterfield Center', NULL, NULL, 3),
(744, 'Bernete', 'Ravenscraft', '1974-09-22', 'Female', '8475 Sauthoff Junction', NULL, NULL, 3),
(745, 'Derk', 'Rolfs', '1971-02-17', 'Male', '0 Milwaukee Drive', NULL, NULL, 1),
(746, 'Goddart', 'Zammitt', '1977-08-20', 'Male', '98613 4th Point', NULL, NULL, 2),
(747, 'Selie', 'Sine', '1988-09-16', 'Female', '862 Vera Place', NULL, NULL, 1),
(748, 'Horace', 'Donovan', '1989-08-20', 'Male', '330 Village Circle', NULL, NULL, 3),
(749, 'Emelina', 'Smoote', '1977-10-07', 'Female', '50487 Welch Way', NULL, NULL, 3),
(750, 'Joanne', 'Jewer', '1981-07-26', 'Female', '64 Continental Road', NULL, NULL, 2),
(751, 'Patsy', 'Tomaszewski', '1980-08-05', 'Male', '3120 Carberry Terrace', NULL, NULL, 3),
(752, 'Aeriell', 'Antuoni', '1973-11-11', 'Female', '882 Thierer Point', NULL, NULL, 2),
(753, 'Christalle', 'March', '1981-11-17', 'Female', '13 Fremont Terrace', NULL, NULL, 2),
(754, 'Maribeth', 'Mockford', '1992-01-19', 'Female', '87 Everett Way', NULL, NULL, 1),
(755, 'Christophe', 'Pentecust', '1971-12-10', 'Male', '7 Buell Junction', NULL, NULL, 3),
(756, 'Bayard', 'Try', '1972-12-01', 'Male', '113 Forest Hill', NULL, NULL, 3),
(757, 'Torin', 'Leyden', '1984-11-27', 'Male', '07 Rigney Plaza', NULL, NULL, 3),
(758, 'Rollin', 'Breakspear', '1982-07-21', 'Male', '0 Rutledge Lane', NULL, NULL, 1),
(759, 'Zebulen', 'Mogg', '1975-08-12', 'Male', '1 Doe Crossing Crossing', NULL, NULL, 1),
(760, 'Barbette', 'Hirjak', '1993-01-31', 'Female', '4 Anderson Center', NULL, NULL, 1),
(761, 'Mervin', 'Penkethman', '1995-09-27', 'Male', '10083 Northwestern Center', NULL, NULL, 2),
(762, 'Ruby', 'Carman', '1975-12-10', 'Female', '96 Saint Paul Junction', NULL, NULL, 1),
(763, 'Tove', 'Tettley', '1975-04-01', 'Female', '45389 Lakeland Parkway', NULL, NULL, 2),
(764, 'Berte', 'MacTrustey', '1983-02-12', 'Female', '4514 Monument Terrace', NULL, NULL, 1),
(765, 'Osmund', 'Wayt', '1976-12-10', 'Male', '82 Dorton Pass', NULL, NULL, 3),
(766, 'Jerry', 'Longhorn', '1977-05-02', 'Female', '4 Donald Pass', NULL, NULL, 1),
(767, 'Matthias', 'Bartaloni', '1988-08-22', 'Male', '442 Blue Bill Park Place', NULL, NULL, 2),
(768, 'Madge', 'Gerbel', '1974-03-23', 'Female', '194 Blackbird Junction', NULL, NULL, 3),
(769, 'My', 'Pittet', '1983-01-06', 'Male', '7 International Park', NULL, NULL, 1),
(770, 'Gerry', 'Fairtlough', '1984-10-09', 'Male', '2 Forster Street', NULL, NULL, 1),
(771, 'Donaugh', 'Dewdney', '1988-03-17', 'Male', '78277 Melby Place', NULL, NULL, 2),
(772, 'Clifford', 'Asker', '1980-12-14', 'Male', '06 Loftsgordon Place', NULL, NULL, 3),
(773, 'Donni', 'Jacks', '1986-08-08', 'Female', '95 Russell Junction', NULL, NULL, 2),
(774, 'Augusta', 'Paice', '2001-09-10', 'Female', '995 Comanche Court', NULL, NULL, 1),
(775, 'Maybelle', 'Hemphrey', '1984-12-02', 'Female', '35019 Marcy Avenue', NULL, NULL, 2),
(776, 'Red', 'Skeleton', '1994-03-04', 'Male', '2342 Redwing Alley', NULL, NULL, 1),
(777, 'Donnie', 'Zoane', '1986-05-04', 'Female', '91 Packers Trail', NULL, NULL, 2),
(778, 'Taber', 'Furbank', '1986-12-24', 'Male', '973 Mayfield Hill', NULL, NULL, 2),
(779, 'Silva', 'Sleep', '1970-04-25', 'Female', '48909 Messerschmidt Court', NULL, NULL, 3),
(780, 'Wandis', 'Mingasson', '2005-11-24', 'Female', '388 Old Gate Plaza', NULL, NULL, 2),
(781, 'Marni', 'Powe', '1994-07-21', 'Female', '26274 Sloan Alley', NULL, NULL, 3),
(782, 'Brandie', 'Eltone', '2003-06-03', 'Female', '26 American Ash Court', NULL, NULL, 3),
(783, 'Jeannette', 'Causey', '1988-05-14', 'Female', '7 Sachs Place', NULL, NULL, 2),
(784, 'Kinny', 'Duckhouse', '1984-03-11', 'Male', '53 Northfield Point', NULL, NULL, 3),
(785, 'Inna', 'Verbeek', '1979-06-20', 'Female', '8 Sutteridge Place', NULL, NULL, 2),
(786, 'Chicky', 'Coomer', '1979-01-03', 'Male', '1 Clarendon Pass', NULL, NULL, 3),
(787, 'Marysa', 'Buckby', '1971-07-21', 'Female', '5882 Bartillon Crossing', NULL, NULL, 1),
(788, 'Natalee', 'Gosdin', '1994-10-02', 'Female', '0750 Blue Bill Park Hill', NULL, NULL, 1),
(789, 'Odie', 'Litherland', '1996-06-07', 'Male', '9960 Graedel Drive', NULL, NULL, 3),
(790, 'Gavin', 'Brabender', '1999-03-25', 'Male', '88 Alpine Place', NULL, NULL, 2),
(791, 'Madelle', 'Diable', '1998-10-22', 'Female', '022 Northport Junction', NULL, NULL, 1),
(792, 'Auria', 'Murdy', '1990-07-31', 'Female', '811 Brentwood Place', NULL, NULL, 3),
(793, 'Nichole', 'Chippin', '1993-10-25', 'Male', '8721 Loomis Place', NULL, NULL, 2),
(794, 'Basile', 'Bes', '1970-08-16', 'Male', '6307 Jenna Crossing', NULL, NULL, 1),
(795, 'Lydie', 'Mitrovic', '1974-11-18', 'Female', '215 Kim Alley', NULL, NULL, 3),
(796, 'Roderic', 'Roberson', '1980-02-05', 'Male', '59665 Boyd Crossing', NULL, NULL, 1),
(797, 'Bride', 'Probbing', '1974-04-07', 'Female', '5337 Kenwood Circle', NULL, NULL, 3),
(798, 'Barnebas', 'Fereday', '1990-10-15', 'Male', '7066 Killdeer Pass', NULL, NULL, 1),
(799, 'Burk', 'Baxster', '1982-08-28', 'Male', '457 Harper Circle', NULL, NULL, 2),
(800, 'Gerta', 'Dumbrell', '1972-08-26', 'Female', '69107 Lotheville Park', NULL, NULL, 3),
(801, 'Tyne', 'Dampier', '1988-02-13', 'Female', '29 Roth Road', NULL, NULL, 1),
(802, 'Carlene', 'Galliver', '1983-02-25', 'Female', '82 Caliangt Lane', NULL, NULL, 3),
(803, 'Alick', 'Van Geffen', '1983-05-14', 'Male', '6 Shopko Hill', NULL, NULL, 1),
(804, 'Sanderson', 'Grim', '1974-10-05', 'Male', '9 Jenna Crossing', NULL, NULL, 1),
(805, 'Alard', 'Gimenez', '1982-08-22', 'Male', '0670 Grover Terrace', NULL, NULL, 1),
(806, 'Abby', 'Perin', '1982-05-10', 'Male', '794 2nd Way', NULL, NULL, 1),
(807, 'Mireille', 'Baughn', '1981-11-17', 'Female', '749 Hagan Lane', NULL, NULL, 3),
(808, 'Philly', 'Hannan', '1972-12-25', 'Female', '01445 Waywood Plaza', NULL, NULL, 3),
(809, 'Carrie', 'Brayn', '1984-10-08', 'Female', '92 Westend Street', NULL, NULL, 1),
(810, 'Hadrian', 'Donat', '2002-05-06', 'Male', '5600 Dottie Terrace', NULL, NULL, 2),
(811, 'Thor', 'Riccelli', '2002-05-11', 'Male', '09 Coolidge Circle', NULL, NULL, 2),
(812, 'Eberto', 'Lumly', '1971-06-17', 'Male', '764 Cody Point', NULL, NULL, 1),
(813, 'Tye', 'Aleksankov', '1973-01-28', 'Male', '88 Gulseth Point', NULL, NULL, 3),
(814, 'Midge', 'Raffan', '1995-01-12', 'Female', '613 Loeprich Lane', NULL, NULL, 3),
(815, 'Godard', 'Lennie', '1970-03-29', 'Male', '2088 Division Crossing', NULL, NULL, 3),
(816, 'Garfield', 'Lukehurst', '1994-09-24', 'Male', '43 Vermont Place', NULL, NULL, 2),
(817, 'Clerkclaude', 'Howel', '1990-10-24', 'Male', '6 Fremont Trail', NULL, NULL, 1),
(818, 'Brooks', 'Culpen', '1982-06-30', 'Male', '20115 Sommers Court', NULL, NULL, 1),
(819, 'Winnie', 'Blenkinsopp', '1982-09-04', 'Male', '360 Dunning Crossing', NULL, NULL, 2),
(820, 'Huntington', 'Spondley', '1982-02-05', 'Male', '01753 Ronald Regan Plaza', NULL, NULL, 3),
(821, 'Paul', 'Baford', '1971-05-07', 'Male', '97 Lakewood Junction', NULL, NULL, 3),
(822, 'Alberta', 'Leed', '1979-07-06', 'Female', '839 Rowland Pass', NULL, NULL, 1),
(823, 'Greer', 'Major', '1971-10-12', 'Female', '7 Sugar Alley', NULL, NULL, 1),
(824, 'Selig', 'Ferbrache', '1993-03-11', 'Male', '01 Ruskin Drive', NULL, NULL, 2),
(825, 'Hanan', 'Cousin', '1996-03-01', 'Male', '1 Crowley Drive', NULL, NULL, 2),
(826, 'Benita', 'Mussen', '1990-05-11', 'Female', '050 Blaine Way', NULL, NULL, 2),
(827, 'Agathe', 'Farryn', '1981-07-04', 'Female', '22 Washington Way', NULL, NULL, 3),
(828, 'Frederigo', 'Handscombe', '1981-03-31', 'Male', '714 American Point', NULL, NULL, 3),
(829, 'Tina', 'Twomey', '1979-02-15', 'Female', '0 Iowa Avenue', NULL, NULL, 1),
(830, 'Winslow', 'McIlmorie', '1977-07-02', 'Male', '325 Knutson Drive', NULL, NULL, 2),
(831, 'Dwight', 'Toynbee', '1970-07-29', 'Male', '056 Rutledge Lane', NULL, NULL, 3),
(832, 'Adah', 'Harradine', '1995-10-30', 'Female', '48 Loftsgordon Center', NULL, NULL, 2),
(833, 'Shanda', 'Standidge', '2005-07-16', 'Female', '2076 Graedel Point', NULL, NULL, 2),
(834, 'Dawn', 'Reignould', '1977-05-03', 'Female', '2767 Hanson Crossing', NULL, NULL, 2),
(835, 'Benedikt', 'Sorbey', '1995-12-11', 'Male', '06990 Red Cloud Way', NULL, NULL, 1),
(836, 'Tobe', 'Drewe', '1989-11-10', 'Male', '00567 Derek Parkway', NULL, NULL, 3),
(837, 'Salomone', 'Winnard', '1977-09-23', 'Male', '04922 Troy Junction', NULL, NULL, 2),
(838, 'Iolande', 'Byart', '1980-05-29', 'Female', '6 Stephen Crossing', NULL, NULL, 2),
(839, 'Olympia', 'Mearing', '1981-12-06', 'Female', '20 Crownhardt Way', NULL, NULL, 2),
(840, 'Siffre', 'Pacey', '1974-01-05', 'Male', '4 Stang Point', NULL, NULL, 2),
(841, 'Sherlocke', 'Dix', '1991-12-16', 'Male', '32209 Buena Vista Drive', NULL, NULL, 3),
(842, 'Jelene', 'Forth', '1977-06-25', 'Female', '1 Maywood Junction', NULL, NULL, 3),
(843, 'Ogdon', 'Coldridge', '1971-05-11', 'Male', '444 Ilene Pass', NULL, NULL, 2),
(844, 'Nichols', 'Richichi', '1985-08-05', 'Male', '9 Thompson Street', NULL, NULL, 3),
(845, 'Hatti', 'McGirl', '1983-12-28', 'Female', '82 Dixon Center', NULL, NULL, 1),
(846, 'Natasha', 'Jeaneau', '2003-10-09', 'Female', '60922 Del Sol Hill', NULL, NULL, 2),
(847, 'Christin', 'Maass', '1978-03-27', 'Female', '15 Sunnyside Circle', NULL, NULL, 3),
(848, 'Amabel', 'Marzelo', '1995-08-13', 'Female', '40 American Ash Point', NULL, NULL, 3),
(849, 'Lutero', 'Drackford', '2002-12-22', 'Male', '77907 Myrtle Crossing', NULL, NULL, 2),
(850, 'Emogene', 'Volante', '1981-03-08', 'Female', '21 Moulton Terrace', NULL, NULL, 1),
(851, 'Konstantine', 'Pett', '1971-10-23', 'Male', '7 Warner Center', NULL, NULL, 2),
(852, 'Shaw', 'Purdey', '1983-11-09', 'Male', '09 Michigan Parkway', NULL, NULL, 3),
(853, 'Eloise', 'Chopping', '1979-10-21', 'Female', '55 Donald Road', NULL, NULL, 3),
(854, 'Max', 'MacSwayde', '1986-09-17', 'Male', '2 Corry Place', NULL, NULL, 2),
(855, 'Drugi', 'Visick', '2004-12-09', 'Male', '9 Laurel Circle', NULL, NULL, 3),
(856, 'Elbert', 'Greedy', '1994-12-17', 'Male', '95970 Artisan Terrace', NULL, NULL, 3),
(857, 'Malorie', 'Andersch', '1997-07-27', 'Female', '44 Anthes Road', NULL, NULL, 1),
(858, 'Elisabeth', 'Moriarty', '1979-03-02', 'Female', '9708 Jenna Terrace', NULL, NULL, 2),
(859, 'Hertha', 'Goodered', '1971-04-28', 'Female', '51367 Hoffman Plaza', NULL, NULL, 3),
(860, 'Gabrielle', 'Cruttenden', '1982-04-19', 'Female', '8 Elgar Center', NULL, NULL, 1),
(861, 'Hansiain', 'Dobrowski', '1972-09-30', 'Male', '599 Red Cloud Road', NULL, NULL, 3),
(862, 'Camila', 'Faudrie', '2005-10-25', 'Female', '59652 Novick Point', NULL, NULL, 3),
(863, 'Wini', 'Ruddock', '1971-03-02', 'Female', '17 Coolidge Point', NULL, NULL, 2),
(864, 'Putnam', 'Parnall', '1987-03-29', 'Male', '052 Barby Trail', NULL, NULL, 1),
(865, 'Kristofor', 'Chillingworth', '1999-01-14', 'Male', '93780 Cordelia Alley', NULL, NULL, 2),
(866, 'Charmane', 'Dansie', '1999-04-13', 'Female', '75957 Towne Drive', NULL, NULL, 1),
(867, 'Blondy', 'Sammes', '2000-03-13', 'Female', '980 Washington Terrace', NULL, NULL, 1),
(868, 'Karie', 'Rusted', '1993-08-25', 'Female', '1401 Sage Way', NULL, NULL, 3),
(869, 'Kingsly', 'Pynner', '1984-06-23', 'Male', '5 Bonner Plaza', NULL, NULL, 3),
(870, 'Novelia', 'Ebbin', '1972-06-05', 'Female', '79542 Trailsway Circle', NULL, NULL, 1),
(871, 'Godfree', 'Claypole', '2001-04-28', 'Male', '0887 Fallview Parkway', NULL, NULL, 2),
(872, 'Kelley', 'Jansik', '2003-04-12', 'Male', '41634 Daystar Place', NULL, NULL, 1),
(873, 'Jesse', 'Douglass', '2001-01-16', 'Male', '47 Muir Hill', NULL, NULL, 1),
(874, 'Konrad', 'Crutchfield', '1973-01-03', 'Male', '1 Granby Center', NULL, NULL, 1),
(875, 'Foster', 'Flather', '2005-09-26', 'Male', '86 Coolidge Park', NULL, NULL, 3),
(876, 'Byrann', 'Sinnott', '1975-04-11', 'Male', '897 Coleman Place', NULL, NULL, 2),
(877, 'Lela', 'Orry', '1981-09-06', 'Female', '4672 Lakeland Center', NULL, NULL, 3),
(878, 'Jozef', 'Hopewell', '1984-01-01', 'Male', '1137 Charing Cross Circle', NULL, NULL, 2),
(879, 'Donnajean', 'Antonomoli', '1992-09-14', 'Female', '58404 Jana Street', NULL, NULL, 2),
(880, 'Jojo', 'Sigars', '2002-09-13', 'Female', '12180 Petterle Road', NULL, NULL, 3),
(881, 'Miriam', 'Menis', '1985-03-24', 'Female', '660 Dorton Park', NULL, NULL, 1),
(882, 'Dore', 'Sawfoot', '2004-12-05', 'Male', '00900 Troy Way', NULL, NULL, 2),
(883, 'Cristian', 'De Domenicis', '1989-12-06', 'Male', '559 Acker Park', NULL, NULL, 2),
(884, 'Jedidiah', 'Woolnough', '2000-12-15', 'Male', '6915 Browning Way', NULL, NULL, 2),
(885, 'Nerti', 'O\' Faherty', '1992-06-02', 'Female', '5 Katie Lane', NULL, NULL, 1),
(886, 'Keene', 'Glassman', '1991-11-16', 'Male', '7464 Truax Plaza', NULL, NULL, 1),
(887, 'Egbert', 'McCurry', '2000-10-24', 'Male', '3 Corben Trail', NULL, NULL, 1),
(888, 'Lorita', 'Pascow', '1972-11-13', 'Female', '14644 Crowley Parkway', NULL, NULL, 2),
(889, 'Guglielmo', 'Jope', '1991-06-26', 'Male', '11989 Ramsey Parkway', NULL, NULL, 1),
(890, 'Kat', 'Legier', '1979-10-20', 'Female', '5428 Hansons Parkway', NULL, NULL, 2),
(891, 'Aldis', 'Sanzio', '1992-11-25', 'Male', '963 Warner Junction', NULL, NULL, 3),
(892, 'Aurie', 'Backen', '1996-03-17', 'Female', '83429 Elka Center', NULL, NULL, 3),
(893, 'Calvin', 'Shory', '1993-12-15', 'Male', '9515 Stephen Lane', NULL, NULL, 1),
(894, 'Sheilah', 'Lesek', '1987-02-13', 'Female', '90548 Canary Alley', NULL, NULL, 3),
(895, 'Dre', 'Moscon', '1978-09-04', 'Female', '5117 Iowa Parkway', NULL, NULL, 3),
(896, 'Dudley', 'Muckley', '1989-11-10', 'Male', '1 Sundown Avenue', NULL, NULL, 1),
(897, 'Weylin', 'Yellowley', '1983-03-14', 'Male', '68528 Arkansas Junction', NULL, NULL, 1),
(898, 'Isabella', 'Sturge', '1986-02-03', 'Female', '42119 Randy Road', NULL, NULL, 1),
(899, 'Connie', 'Poulsen', '1975-09-04', 'Male', '2 Norway Maple Terrace', NULL, NULL, 3),
(900, 'Archer', 'Brodnecke', '1979-09-17', 'Male', '2 Holmberg Street', NULL, NULL, 1),
(901, 'Kali', 'Shellibeer', '2005-12-22', 'Female', '6120 Myrtle Trail', NULL, NULL, 3),
(902, 'Boote', 'Haseman', '1996-09-02', 'Male', '29914 Anhalt Pass', NULL, NULL, 1),
(903, 'Dyanna', 'Hubane', '1997-04-24', 'Female', '2051 Warner Avenue', NULL, NULL, 3),
(904, 'Louie', 'Kleinsinger', '1987-04-18', 'Male', '23062 Independence Plaza', NULL, NULL, 1),
(905, 'Bing', 'Morlon', '1985-12-20', 'Male', '958 Macpherson Parkway', NULL, NULL, 3),
(906, 'Samuele', 'Riall', '1973-07-16', 'Male', '046 Manley Pass', NULL, NULL, 1),
(907, 'Natalie', 'Boshere', '1982-12-03', 'Female', '12 Harbort Road', NULL, NULL, 1),
(908, 'Tim', 'Lempenny', '1972-07-23', 'Male', '7 Village Circle', NULL, NULL, 3),
(909, 'Andonis', 'Astlett', '1974-03-17', 'Male', '1 Monument Road', NULL, NULL, 3),
(910, 'Winona', 'Sweetenham', '1975-02-16', 'Female', '78 Derek Pass', NULL, NULL, 1),
(911, 'Alexander', 'Brachell', '1977-10-25', 'Male', '47 Manley Drive', NULL, NULL, 1),
(912, 'Dallon', 'Quiddinton', '1995-03-24', 'Male', '6233 Maywood Place', NULL, NULL, 1),
(913, 'Nil', 'Lamperti', '1982-02-05', 'Male', '2 Vidon Court', NULL, NULL, 2),
(914, 'Rhetta', 'Severwright', '1977-03-11', 'Female', '1 Forest Avenue', NULL, NULL, 1),
(915, 'Reg', 'Stoddart', '1970-05-30', 'Male', '716 Iowa Park', NULL, NULL, 1),
(916, 'Doe', 'Garvagh', '1975-10-09', 'Female', '13 Doe Crossing Alley', NULL, NULL, 2),
(917, 'Bernelle', 'Wankel', '1991-06-12', 'Female', '8289 Burning Wood Street', NULL, NULL, 3),
(918, 'Aron', 'Pinkard', '1983-01-02', 'Male', '98 Elgar Parkway', NULL, NULL, 1),
(919, 'Anna-diana', 'Harrington', '2000-08-04', 'Female', '627 Cambridge Lane', NULL, NULL, 3),
(920, 'Gallard', 'Bouchier', '1972-08-28', 'Male', '703 Chinook Point', NULL, NULL, 1),
(921, 'Meggi', 'Rosenshine', '1974-03-31', 'Female', '86 Mayer Avenue', NULL, NULL, 2),
(922, 'Redd', 'Vernalls', '2002-07-20', 'Male', '148 Melby Alley', NULL, NULL, 1),
(923, 'Teressa', 'Seville', '1988-09-06', 'Female', '6 Oriole Court', NULL, NULL, 3),
(924, 'Ethan', 'Olanda', '1975-12-04', 'Male', '99876 Melby Drive', NULL, NULL, 2),
(925, 'Cleve', 'Schollar', '1988-05-17', 'Male', '54856 Charing Cross Trail', NULL, NULL, 3),
(926, 'Jerrome', 'McClymond', '1992-12-27', 'Male', '04223 Thackeray Terrace', NULL, NULL, 3),
(927, 'Ruthann', 'Conrard', '1992-02-09', 'Female', '524 Golf View Lane', NULL, NULL, 3),
(928, 'Felecia', 'Emlyn', '1995-07-18', 'Female', '25 Sutherland Circle', NULL, NULL, 1),
(929, 'Alisa', 'Sharp', '1992-11-18', 'Female', '910 Northwestern Way', NULL, NULL, 1),
(930, 'Guthrey', 'Boadby', '1996-10-12', 'Male', '6 Hazelcrest Plaza', NULL, NULL, 1),
(931, 'Godard', 'Winsiowiecki', '1984-09-07', 'Male', '9179 Annamark Place', NULL, NULL, 3),
(932, 'Glynn', 'Springer', '1982-02-09', 'Male', '7 Larry Place', NULL, NULL, 3),
(933, 'Benny', 'Tarling', '2001-05-07', 'Female', '2 Summit Alley', NULL, NULL, 1),
(934, 'Cris', 'Branchflower', '2004-10-21', 'Female', '62641 Dorton Court', NULL, NULL, 1),
(935, 'Demetris', 'Lodden', '1981-04-26', 'Male', '9736 Warbler Crossing', NULL, NULL, 1),
(936, 'Sonni', 'Garland', '1994-11-27', 'Female', '53 Thackeray Crossing', NULL, NULL, 3),
(937, 'Jennifer', 'Cudworth', '1973-10-29', 'Female', '0 Fulton Plaza', NULL, NULL, 3),
(938, 'Garnet', 'Breed', '1972-05-29', 'Female', '7518 Kennedy Terrace', NULL, NULL, 1),
(939, 'Stephana', 'Boothebie', '2004-06-24', 'Female', '01845 Marquette Place', NULL, NULL, 2),
(940, 'Kevon', 'Erlam', '1979-07-24', 'Male', '91 Thompson Center', NULL, NULL, 1),
(941, 'Mayne', 'O\'Nion', '1983-07-07', 'Male', '47 Brentwood Circle', NULL, NULL, 2),
(942, 'Bourke', 'Francklin', '2001-07-19', 'Male', '78 Spohn Park', NULL, NULL, 1),
(943, 'Joseito', 'Baack', '1975-04-30', 'Male', '97 Center Terrace', NULL, NULL, 1),
(944, 'Meredith', 'Wilford', '1991-12-28', 'Male', '7809 Mitchell Drive', NULL, NULL, 3),
(945, 'Garry', 'Beggi', '1982-02-09', 'Male', '04 Mcbride Hill', NULL, NULL, 2),
(946, 'Doreen', 'Kullmann', '1977-11-25', 'Female', '071 Ramsey Pass', NULL, NULL, 2),
(947, 'Killie', 'Dorow', '1976-09-23', 'Male', '8963 Goodland Drive', NULL, NULL, 3),
(948, 'Brigg', 'Clarkin', '1987-08-06', 'Male', '2 Moulton Pass', NULL, NULL, 1),
(949, 'Roz', 'Greenig', '1986-03-03', 'Female', '26441 Jenifer Court', NULL, NULL, 1),
(950, 'Odette', 'Buckthought', '1996-07-09', 'Female', '08 Clove Circle', NULL, NULL, 2),
(951, 'Gaye', 'Battin', '1971-11-11', 'Female', '16659 Rieder Lane', NULL, NULL, 3),
(952, 'Guinevere', 'Cromett', '1997-05-04', 'Female', '1 Golf View Drive', NULL, NULL, 3),
(953, 'Farrah', 'Pigford', '1973-12-28', 'Female', '7696 Clemons Parkway', NULL, NULL, 2),
(954, 'Lambert', 'Assard', '1984-02-23', 'Male', '7 Ridgeview Place', NULL, NULL, 2),
(955, 'Millard', 'Train', '1999-02-19', 'Male', '56 Lyons Parkway', NULL, NULL, 1),
(956, 'Ann-marie', 'Finnemore', '1977-10-17', 'Female', '77692 Twin Pines Plaza', NULL, NULL, 3),
(957, 'Tobie', 'Brinkman', '1981-06-14', 'Male', '3 Barby Plaza', NULL, NULL, 2),
(958, 'Orv', 'Kennermann', '1994-06-04', 'Male', '57886 Arapahoe Trail', NULL, NULL, 1),
(959, 'Floria', 'Worsfield', '1982-11-21', 'Female', '4 Basil Plaza', NULL, NULL, 2),
(960, 'Carma', 'Phythien', '2000-10-25', 'Female', '94281 Crowley Place', NULL, NULL, 1),
(961, 'Joshia', 'Greenhall', '1994-10-26', 'Male', '5964 New Castle Junction', NULL, NULL, 2),
(962, 'Mahala', 'Sowter', '1990-08-09', 'Female', '97 Mariners Cove Circle', NULL, NULL, 2),
(963, 'Starla', 'Duigenan', '1985-04-28', 'Female', '9584 Hazelcrest Way', NULL, NULL, 3),
(964, 'Otha', 'Paddy', '1995-09-15', 'Female', '1 Meadow Valley Court', NULL, NULL, 3),
(965, 'Eduard', 'Patry', '2003-05-28', 'Male', '3236 Rieder Alley', NULL, NULL, 1),
(966, 'Jehanna', 'Rubinsky', '1978-09-27', 'Female', '00 Toban Junction', NULL, NULL, 1),
(967, 'Regan', 'Colquhoun', '1970-10-30', 'Male', '08 Linden Alley', NULL, NULL, 1),
(968, 'Yvonne', 'Britzius', '2005-09-16', 'Female', '5669 Arkansas Street', NULL, NULL, 3),
(969, 'Fairleigh', 'Serrell', '2002-07-31', 'Male', '09 Chinook Trail', NULL, NULL, 2),
(970, 'Georgina', 'Woolner', '1995-10-26', 'Female', '74242 Helena Pass', NULL, NULL, 2),
(971, 'Dixie', 'Voice', '1992-08-27', 'Female', '8 Fremont Park', NULL, NULL, 3),
(972, 'Nita', 'Saffen', '2002-12-16', 'Female', '5 8th Park', NULL, NULL, 1),
(973, 'Verene', 'Mayou', '2004-12-05', 'Female', '7667 5th Parkway', NULL, NULL, 3),
(974, 'Fredric', 'Minchenton', '1995-08-02', 'Male', '1 Fremont Crossing', NULL, NULL, 1),
(975, 'Sybilla', 'Sweeting', '2000-10-31', 'Female', '8382 Toban Hill', NULL, NULL, 1),
(976, 'Emalee', 'Drust', '2004-06-18', 'Female', '106 Garrison Street', NULL, NULL, 3),
(977, 'Rosabella', 'Limon', '1979-07-07', 'Female', '70 Amoth Parkway', NULL, NULL, 3),
(978, 'Bord', 'Town', '1993-01-02', 'Male', '1 Lerdahl Pass', NULL, NULL, 1),
(979, 'Myrlene', 'Woakes', '2001-02-16', 'Female', '56199 Lyons Avenue', NULL, NULL, 3),
(980, 'Oralie', 'Hort', '1970-02-22', 'Female', '638 Morning Court', NULL, NULL, 2),
(981, 'Spence', 'Gayforth', '1980-02-10', 'Male', '586 Lillian Park', NULL, NULL, 2),
(982, 'Aeriel', 'Harberer', '1986-03-31', 'Female', '5 Mayfield Alley', NULL, NULL, 3),
(983, 'Si', 'Lifsey', '1980-02-26', 'Male', '95 Buell Junction', NULL, NULL, 1),
(984, 'Aimil', 'Gauld', '1973-04-25', 'Female', '14 Lindbergh Road', NULL, NULL, 2),
(985, 'Willi', 'Chason', '1997-07-26', 'Male', '82 Dryden Way', NULL, NULL, 2),
(986, 'Prinz', 'Midford', '1984-10-14', 'Male', '88 Colorado Junction', NULL, NULL, 3),
(987, 'Elvin', 'Sycamore', '2003-10-10', 'Male', '0758 Elmside Court', NULL, NULL, 3),
(988, 'Jacquette', 'Dicty', '2004-01-26', 'Female', '6026 Fair Oaks Street', NULL, NULL, 2),
(989, 'Clarinda', 'Boullin', '1983-01-11', 'Female', '05663 Sunfield Terrace', NULL, NULL, 2),
(990, 'Napoleon', 'Alvarado', '1980-08-02', 'Male', '00790 West Pass', NULL, NULL, 2),
(991, 'Robinson', 'Greenless', '1975-09-02', 'Male', '66 Glacier Hill Road', NULL, NULL, 3),
(992, 'Florina', 'Jerman', '1996-02-22', 'Female', '943 Amoth Drive', NULL, NULL, 3),
(993, 'Thorpe', 'Weymouth', '2003-10-29', 'Male', '59978 Coolidge Crossing', NULL, NULL, 1),
(994, 'Townie', 'Dowrey', '1991-10-16', 'Male', '5120 Old Gate Drive', NULL, NULL, 3),
(995, 'Archibaldo', 'Ubsdell', '1999-03-16', 'Male', '600 Warrior Street', NULL, NULL, 3),
(996, 'Jerrome', 'Lockier', '1979-04-25', 'Male', '5 Pankratz Terrace', NULL, NULL, 2),
(997, 'Crin', 'Hallard', '2005-11-07', 'Female', '138 Maple Trail', NULL, NULL, 2),
(998, 'Leonora', 'Smitherman', '1986-11-17', 'Female', '276 Bay Park', NULL, NULL, 1),
(999, 'Brit', 'Cheverton', '1987-07-25', 'Male', '8 Meadow Valley Court', NULL, NULL, 1),
(1000, 'Wandie', 'Jedrys', '1971-07-10', 'Female', '482 Fieldstone Lane', NULL, NULL, 1),
(1001, 'Boony', 'Markovic', '1999-06-20', 'Male', '54576 Corry Lane', NULL, NULL, 2),
(1002, 'Dyane', 'Champagne', '1990-11-10', 'Female', '59 Sycamore Hill', NULL, NULL, 1),
(1003, 'Fonz', 'Clare', '2003-12-11', 'Male', '32476 Eastwood Parkway', NULL, NULL, 2),
(1004, 'Claybourne', 'Van der Brug', '1980-10-10', 'Male', '9483 Springs Parkway', NULL, NULL, 3),
(1005, 'Maurie', 'Starling', '1985-11-12', 'Male', '807 Northwestern Terrace', NULL, NULL, 2),
(1006, 'Delmer', 'Goublier', '1975-09-29', 'Male', '620 Magdeline Alley', NULL, NULL, 2),
(1007, 'Kally', 'Alcorn', '1977-11-15', 'Female', '31 Forest Plaza', NULL, NULL, 3),
(1008, 'Joshia', 'Pearse', '2003-05-31', 'Male', '7 Merry Place', NULL, NULL, 3),
(1009, 'Cassandre', 'Raith', '1995-11-16', 'Female', '3 Kingsford Parkway', NULL, NULL, 2),
(1010, 'Bobbye', 'Ledwidge', '1993-03-07', 'Female', '617 Marquette Pass', NULL, NULL, 3),
(1011, 'Orrin', 'Gregersen', '1978-09-01', 'Male', '485 Vermont Hill', NULL, NULL, 3),
(1012, 'Don', 'Hanniger', '1999-09-17', 'Male', '8 Pine View Center', NULL, NULL, 1),
(1013, 'Reggi', 'Garley', '1979-08-09', 'Female', '85153 Elgar Way', NULL, NULL, 3),
(1014, 'Philippe', 'Habbert', '1989-11-17', 'Female', '604 Dorton Crossing', NULL, NULL, 1),
(1015, 'Gaultiero', 'Snowsill', '1983-05-03', 'Male', '3540 Rigney Point', NULL, NULL, 2),
(1016, 'Tildy', 'Iannuzzi', '2000-12-17', 'Female', '853 Claremont Drive', NULL, NULL, 1),
(1017, 'Levi', 'Burgyn', '1993-01-31', 'Male', '40750 Roxbury Park', NULL, NULL, 3),
(1018, 'Davidson', 'Zupo', '1984-11-05', 'Male', '9 Northview Road', NULL, NULL, 3),
(1019, 'Coralie', 'Pratte', '1978-01-24', 'Female', '08782 Mandrake Crossing', NULL, NULL, 1),
(1020, 'Morna', 'Danbi', '1982-02-02', 'Female', '60 Michigan Junction', NULL, NULL, 2),
(1021, 'Zonda', 'Daborne', '2004-07-07', 'Female', '457 Northview Pass', NULL, NULL, 2),
(1022, 'Carleen', 'Gleave', '1987-04-22', 'Female', '3799 Pawling Lane', NULL, NULL, 1),
(1023, 'Hilliary', 'Wong', '2004-03-27', 'Female', '88 Starling Street', NULL, NULL, 2),
(1024, 'Candice', 'Loffill', '1984-03-23', 'Female', '9559 Linden Way', NULL, NULL, 3),
(1025, 'Kim', 'Frye', '1996-04-24', 'Female', '73 Melrose Way', NULL, NULL, 2),
(1026, 'Iggie', 'Pavyer', '1998-04-02', 'Male', '5 Garrison Hill', NULL, NULL, 2),
(1027, 'Steffie', 'MacBain', '2001-04-24', 'Female', '583 Surrey Crossing', NULL, NULL, 1),
(1028, 'Karel', 'Blanchflower', '1996-09-29', 'Male', '54 Darwin Plaza', NULL, NULL, 2),
(1029, 'Hillary', 'McIlwraith', '2005-08-06', 'Female', '17946 Springs Pass', NULL, NULL, 2),
(1030, 'Glenda', 'Lazarus', '1987-05-19', 'Female', '2 Mesta Junction', NULL, NULL, 3),
(1031, 'Win', 'Hurley', '1992-08-04', 'Male', '7504 Sheridan Way', NULL, NULL, 1),
(1032, 'Ag', 'Voyce', '1982-04-07', 'Female', '0 Meadow Ridge Parkway', NULL, NULL, 1),
(1033, 'Elsinore', 'Algore', '2005-01-09', 'Female', '7107 Lake View Court', NULL, NULL, 2),
(1034, 'Leah', 'Oxherd', '1973-01-05', 'Female', '54459 Luster Point', NULL, NULL, 1),
(1035, 'Gabriell', 'Wapples', '1984-04-25', 'Female', '206 Bluestem Drive', NULL, NULL, 1),
(1036, 'Fulton', 'Yeell', '1973-11-18', 'Male', '4 Paget Court', NULL, NULL, 1),
(1037, 'Kelila', 'Osmon', '1977-12-14', 'Female', '7 Dapin Park', NULL, NULL, 2),
(1038, 'Tristam', 'Bernhardi', '1971-11-04', 'Male', '3 Truax Avenue', NULL, NULL, 1),
(1039, 'Georgianna', 'Sayle', '1995-05-20', 'Female', '7608 Haas Place', NULL, NULL, 2),
(1040, 'Rennie', 'Holson', '2005-01-27', 'Female', '884 Victoria Parkway', NULL, NULL, 1),
(1041, 'Karoly', 'Vowdon', '2002-09-15', 'Female', '31 Pennsylvania Point', NULL, NULL, 2),
(1042, 'Ferdie', 'Spenceley', '1971-11-04', 'Male', '21 Buhler Park', NULL, NULL, 1),
(1043, 'Jocelin', 'Raft', '1982-01-28', 'Female', '4959 Mcbride Court', NULL, NULL, 2),
(1044, 'Flossy', 'Clitherow', '1987-04-30', 'Female', '847 Rowland Street', NULL, NULL, 3),
(1045, 'Merell', 'Ambrogi', '1974-12-10', 'Male', '6284 Graceland Place', NULL, NULL, 2),
(1046, 'Remus', 'Cahalan', '1987-09-03', 'Male', '34340 Evergreen Hill', NULL, NULL, 2),
(1047, 'Elana', 'Josovitz', '2004-10-03', 'Female', '257 Eggendart Terrace', NULL, NULL, 2),
(1048, 'Sophronia', 'Sphinxe', '1971-10-13', 'Female', '0575 West Court', NULL, NULL, 3),
(1049, 'Natalia', 'Rayo', '2025-01-08', 'Femenino', 'Radiator Springs', 'nada a destacar', 'ninguna', 2),
(1050, 'Rafael', 'Navarro Gómez', '2025-01-01', 'Masculino', 'Esta aburrio en su casa', '', 'ninguna', NULL);

--
-- Índices para tablas volcadas
--

--
-- Indices de la tabla `Baja`
--
ALTER TABLE `Baja`
  ADD PRIMARY KEY (`id`),
  ADD KEY `id_usuario` (`id_usuario`);

--
-- Indices de la tabla `Cuidadores`
--
ALTER TABLE `Cuidadores`
  ADD PRIMARY KEY (`id_usuario`,`id_usuarioCuidador`),
  ADD KEY `id_usuarioCuidador` (`id_usuarioCuidador`);

--
-- Indices de la tabla `Empleado`
--
ALTER TABLE `Empleado`
  ADD PRIMARY KEY (`username`);

--
-- Indices de la tabla `Llamada`
--
ALTER TABLE `Llamada`
  ADD PRIMARY KEY (`id_llamada`,`id_usuario`,`id_username`,`fecha`,`orden`),
  ADD KEY `id_usuario` (`id_usuario`),
  ADD KEY `id_username` (`id_username`),
  ADD KEY `fecha` (`fecha`),
  ADD KEY `orden` (`orden`);

--
-- Indices de la tabla `Localidad`
--
ALTER TABLE `Localidad`
  ADD PRIMARY KEY (`id`);

--
-- Indices de la tabla `Medicamento`
--
ALTER TABLE `Medicamento`
  ADD PRIMARY KEY (`id`),
  ADD KEY `id_usuario` (`id_usuario`);

--
-- Indices de la tabla `Telefono`
--
ALTER TABLE `Telefono`
  ADD PRIMARY KEY (`id`),
  ADD KEY `id_usuario` (`id_usuario`);

--
-- Indices de la tabla `Tipos_Llamada`
--
ALTER TABLE `Tipos_Llamada`
  ADD PRIMARY KEY (`id`);

--
-- Indices de la tabla `Usuario`
--
ALTER TABLE `Usuario`
  ADD PRIMARY KEY (`id`),
  ADD KEY `id_localizacion` (`id_localizacion`);

--
-- AUTO_INCREMENT de las tablas volcadas
--

--
-- AUTO_INCREMENT de la tabla `Baja`
--
ALTER TABLE `Baja`
  MODIFY `id` int NOT NULL AUTO_INCREMENT;

--
-- AUTO_INCREMENT de la tabla `Localidad`
--
ALTER TABLE `Localidad`
  MODIFY `id` int NOT NULL AUTO_INCREMENT, AUTO_INCREMENT=13;

--
-- AUTO_INCREMENT de la tabla `Medicamento`
--
ALTER TABLE `Medicamento`
  MODIFY `id` int NOT NULL AUTO_INCREMENT, AUTO_INCREMENT=5;

--
-- AUTO_INCREMENT de la tabla `Telefono`
--
ALTER TABLE `Telefono`
  MODIFY `id` int NOT NULL AUTO_INCREMENT, AUTO_INCREMENT=7;

--
-- AUTO_INCREMENT de la tabla `Tipos_Llamada`
--
ALTER TABLE `Tipos_Llamada`
  MODIFY `id` int NOT NULL AUTO_INCREMENT, AUTO_INCREMENT=5;

--
-- AUTO_INCREMENT de la tabla `Usuario`
--
ALTER TABLE `Usuario`
  MODIFY `id` int NOT NULL AUTO_INCREMENT, AUTO_INCREMENT=1052;

--
-- Restricciones para tablas volcadas
--

--
-- Filtros para la tabla `Baja`
--
ALTER TABLE `Baja`
  ADD CONSTRAINT `Baja_ibfk_1` FOREIGN KEY (`id_usuario`) REFERENCES `Usuario` (`id`);

--
-- Filtros para la tabla `Cuidadores`
--
ALTER TABLE `Cuidadores`
  ADD CONSTRAINT `Cuidadores_ibfk_1` FOREIGN KEY (`id_usuario`) REFERENCES `Usuario` (`id`),
  ADD CONSTRAINT `Cuidadores_ibfk_2` FOREIGN KEY (`id_usuarioCuidador`) REFERENCES `Usuario` (`id`);

--
-- Filtros para la tabla `Llamada`
--
ALTER TABLE `Llamada`
  ADD CONSTRAINT `FK_id_llamada` FOREIGN KEY (`id_llamada`) REFERENCES `Tipos_Llamada` (`id`),
  ADD CONSTRAINT `Llamada_ibfk_1` FOREIGN KEY (`id_usuario`) REFERENCES `Usuario` (`id`),
  ADD CONSTRAINT `Llamada_ibfk_2` FOREIGN KEY (`id_username`) REFERENCES `Empleado` (`username`);

--
-- Filtros para la tabla `Medicamento`
--
ALTER TABLE `Medicamento`
  ADD CONSTRAINT `Medicamento_ibfk_1` FOREIGN KEY (`id_usuario`) REFERENCES `Usuario` (`id`);

--
-- Filtros para la tabla `Telefono`
--
ALTER TABLE `Telefono`
  ADD CONSTRAINT `Telefono_ibfk_1` FOREIGN KEY (`id_usuario`) REFERENCES `Usuario` (`id`);

--
-- Filtros para la tabla `Usuario`
--
ALTER TABLE `Usuario`
  ADD CONSTRAINT `Usuario_ibfk_1` FOREIGN KEY (`id_localizacion`) REFERENCES `Localidad` (`id`);
COMMIT;

/*!40101 SET CHARACTER_SET_CLIENT=@OLD_CHARACTER_SET_CLIENT */;
/*!40101 SET CHARACTER_SET_RESULTS=@OLD_CHARACTER_SET_RESULTS */;
/*!40101 SET COLLATION_CONNECTION=@OLD_COLLATION_CONNECTION */;
